0.00185932012764301;0.0551216275889101;-4500.6;58486.405
0.00185312351862716;0.0550052496895293;-4488.8;58480.239
0.00185863050553208;0.0551268904726898;-4503.8;58496.317
0.00185878339316542;0.055132131363391;-4713;58601.795
0.00185947114138482;0.0551258543479934;-4486.5;58462.844
0.00185878339316542;0.0551325455144283;-4654.6;58573.381
0.00185875547099333;0.055125613653688;-4748;58661.276
0.00185947345707922;0.0551282749128998;-4588;58531.162
0.0018575229631815;0.0550920929908832;-4495.1;58495.031
0.00185944550427805;0.0551219775976093;-4587.3;58570.398
0.00185652718005144;0.0550387688192273;-4506.5;58513.409
0.00185829071642763;0.0551060061141858;-4494.5;58490.361
0.00185944550427805;0.0551243109276539;-4520.5;58522.425
0.00185942227770091;0.0551178188225624;-4553.8;58555.301
0.0018575741527487;0.055066039046221;-4521.1;58528.49
0.00185826044975584;0.0550958012754072;-4488;58472.078
0.00185942227770091;0.0551154973845237;-4594;58601.223
0.00185942227770091;0.0551158429139032;-4739;58718.9
0.00185942227770091;0.0551127584864879;-4706.5;58674.247
0.00182006786186385;0.0544423014565287;-4557.8;58660.285
0.00185942227770091;0.05511645581757;-4540.5;58554.071
0.00182513958998103;0.0544001818001693;-4550.7;58661.299
0.00185926953573222;0.0551135319974783;-4707.8;58674.247
0.00185832592561182;0.0550877596042462;-4594.1;58604.617
0.00185942227770091;0.0551213546479095;-4521.6;58525.641
0.00185947114138482;0.0551254121880584;-4488.1;58476.222
0.00181717114556596;0.0543865155857141;-4643.5;58746.351
0.00182147630789077;0.0543546722230216;-4602.9;58699.274
0.00185837475364582;0.0550976761602678;-4489.3;58479.917
0.00185962389613172;0.055125080889353;-4485.3;58462.844
0.00185944550427805;0.0551215567193567;-4504.5;58512.035
0.00182513958998103;0.0544005595965402;-4619.4;58698.413
0.00181986264371944;0.0544469755915236;-4628.6;58715.786
0.00184669264725421;0.0549889233151808;-4499.3;58499.768
0.00177876283295026;0.0542809787383516;-4581.8;58695.411
0.00185962389613172;0.055122485356833;-4633.7;58591.985
0.00185654902993702;0.0550407346132348;-4489.7;58489.906
0.00185624736447245;0.0551359132363866;-4667.5;58660.431
0.00185942227770091;0.0551188831262209;-4563.8;58584.441
0.00185744640441722;0.0550990664126794;-4572.2;58588.401
0.00185636919193556;0.0550313927305733;-4486.6;58475.682
0.00185904754226882;0.0551315721886712;-4486.6;58454.793
0.00185624736447245;0.0551359132363866;-4563.3;58596.76
0.00185104703833324;0.0549712635254401;-4521.8;58570.172
0.00185942227770091;0.0551148881627737;-4612.3;58617.529
0.00185944550427805;0.0551211562573638;-4576.3;58580.358
0.00185602792376769;0.0551429742420693;-4670.7;58660.673
0.00185933112917885;0.0551162822947539;-4737;58704.974
0.00179302177334059;0.0545774446490104;-4508.1;58544.224
0.00185702744375105;0.0550741176631343;-4586.4;58597.91
0.00182280338829365;0.0543936176719347;-4541.5;58667.672
0.00185772559688028;0.0551399425219982;-4551.2;58508.811
0.00185944550427805;0.055120427254;-4584.1;58585.154
0.00185942227770091;0.0551211885117335;-4513.4;58525.374
0.00181895141900444;0.0543649873644335;-4497.6;58575.465
0.00182260391333983;0.0543899164620205;-4610;58713.239
0.00185944550427805;0.0551229891094602;-4557.8;58542.807
0.00185598818514728;0.0551383988072456;-4732;58740.82
0.00185611634217093;0.0551431998856881;-4742;58737.744
0.00185923454279307;0.0551269069091182;-4612.1;58625.13
0.00185886924442031;0.0551271421059382;-4587.1;58586.022
0.00185944550427805;0.0551201863695564;-4613.6;58620.539
0.00185104703833324;0.0549687256621844;-4610.5;58655.602
0.00184599381609956;0.0548873611976555;-4487.8;58507.217
0.00184605841950757;0.0548856112909768;-4491.5;58526.537
0.00185104703833324;0.0549710969578571;-4538;58585.254
0.00178870177280859;0.0545593901918472;-4543.9;58607.738
0.00185889714992868;0.0551357892943466;-4508.7;58464.229
0.00185889714992868;0.0551353469500032;-4511.3;58477.612
0.00179230114838339;0.0537659006932837;-4599;58728.376
0.00185012303947864;0.0549761988517797;-4492.9;58517.672
0.00180188266717196;0.0539415217594762;-4541.7;58691.832
0.00183094796196265;0.0546556278206318;-4548.6;58612.125
0.00182077765556002;0.0543436915590897;-4663.3;58765.414
0.00185104703833324;0.0549699459688033;-4523.1;58595.33
0.00185788082721366;0.0551393453498149;-4513.2;58480.972
0.00182324255042945;0.0544196605498298;-4540.1;58653.602
0.00185611634217093;0.05514328986773;-4747;58742.839
0.00185012303947864;0.0549717661476582;-4557.2;58628.399
0.00181820941929898;0.0542940775923461;-4631.3;58731.331
0.00179310822145212;0.0545724807382541;-4766;58810.769
0.00184842455254395;0.054858984255714;-4493.1;58522.776
0.00185772559688028;0.0551430192521259;-4514.9;58470.137
0.00183246242451486;0.0546422281772537;-4546.4;58604.683
0.00185611634217093;0.0551424050391006;-4746;58744.283
0.00184893626140287;0.0550097496202636;-4671.6;58684.659
0.00185665063139408;0.0550825807929199;-4515.9;58553.795
0.00183104872168187;0.0546221831588252;-4547.3;58607.352
0.00181753811366385;0.0542992054302035;-4631.3;58733.001
0.00183073223221578;0.0545567178227152;-4495.5;58531.977
0.00184919965887974;0.0549727848393698;-4547.6;58603.436
0.00182962448974629;0.0545460811648329;-4546.8;58632.897
0.00181801893534965;0.0542899758015915;-4618.6;58720.146
0.00184919965887974;0.0549754943241599;-4552.2;58609.377
0.00185886924442031;0.0551243031214434;-4845;58735.029
0.0018593199729459;0.055118873788417;-4485.2;58462.844
0.00184919965887974;0.0549739980414677;-4611.5;58662.628
0.00185598818514728;0.0551454817367828;-4496.3;58479.412
0.00185769761093677;0.055138284061961;-4576.1;58515.365
0.00185941996197421;0.0551156674823149;-4532.7;58563.653
0.00185144842450971;0.0550654743615489;-4552.7;58608.531
0.00185147394334033;0.0550732494294633;-4530.2;58579.649
0.00185516368189983;0.0550908718969023;-4685.4;58728.532
0.00185661400267397;0.0550681731966596;-4648.5;58675.003
0.00184940538395444;0.0550482434885434;-4611.7;58655.84
0.00181532022568427;0.054290694186789;-4627.6;58735.24
0.00185944550427805;0.0551246339074273;-4516.4;58514.8
0.00185745875455253;0.0550741246963146;-4663.5;58681.522
0.00185392426521527;0.0550905027195297;-4545.1;58586.849
0.00185133463867428;0.0550636089069319;-4552.5;58608.598
0.00185782962241592;0.0551297119983765;-4590.4;58589.941
0.00181530953124062;0.0542897070037744;-4564.6;58688.89
0.00185112466385135;0.0550804542949992;-4694.4;58735.698
0.001856090974703;0.0551399747815254;-4543.5;58572.513
0.00185941996197421;0.0551160198595645;-4538.1;58543.298
0.0018561442337026;0.0551519978110414;-4577.3;58547.085
0.00180876576254604;0.0541115835902574;-4779;58884.755
0.00185865004446312;0.0551030721125627;-4608.1;58616.829
0.00181174377425042;0.054165981066816;-4626.4;58743.113
0.0018561442337026;0.0551508531212383;-4523.6;58515.936
0.00185865004446312;0.0551028532716519;-4695;58680.13
0.00185944550427805;0.0551242199304898;-4579.2;58536.626
0.001856090974703;0.0551419206687379;-4542.6;58550.733
0.00185501138484991;0.0550916436635016;-4685.7;58728.532
0.00185941996197421;0.0551183519231436;-4527.6;58532.417
0.00185629662079033;0.0551500378239344;-4582.8;58561.827
0.00185600003719389;0.0551374349606389;-4527.8;58542.843
0.00185942227770091;0.0551222406052633;-4495;58484.202
0.00185861577468149;0.0550969870028037;-4664.8;58669.848
0.00185629662079033;0.0551525473727926;-4594.2;58572.404
0.00180876576254604;0.0541117765649668;-4779;58878.397
0.00185609298186896;0.0551387495091461;-4604.5;58624.511
0.00180392322098433;0.0540567218921072;-4769;58897.622
0.00185409375482581;0.0551121838716129;-4676.8;58686.368
0.00185852680497256;0.0551028989639442;-4691;58657.526
0.00185767209089307;0.0551274454172607;-4672.8;58666.34
0.00185629439900628;0.0551422902822828;-4797;58749.366
0.0016948418962662;0.0519117295701461;-5366;59145.461
0.00185748412130753;0.0550787423765354;-4689.9;58713.901
0.00185852426256743;0.0551021182085202;-4486.4;58464.384
0.00182852639340639;0.054548320472197;-4486.9;58524.524
0.00181677074951108;0.0542244597366778;-4793;58853.352
0.00180321777185293;0.05403238965749;-4676.4;58793.608
0.00182923770470398;0.0545554651055474;-4487.5;58533.4
0.00173993106805763;0.0527414980989416;-5029;59047.192
0.00180582535732687;0.0540770456383765;-4773;58891.305
0.00185629662079033;0.0551501195581102;-4593.6;58596.988
0.00182907938332357;0.0545574026229124;-4749;58821.213
0.00185609298186896;0.055141544365545;-4600.5;58622.707
0.0018561442337026;0.0551531908093363;-4519.6;58495.367
0.0016714934151169;0.0522610995860806;-5078;59116.65
0.00185722249894447;0.0551073860584358;-4668.1;58671.019
0.00185626460242691;0.0549660083929469;-4545.1;58596.598
0.00167634352148767;0.0524456017969963;-4988;59099.449
0.00185629662079033;0.0551525471831443;-4598.7;58580.399
0.00180372462918729;0.0540784669607048;-4761;58885.078
0.001856090974703;0.0551377356136191;-4612.9;58642.711
0.00173707490130782;0.0529282576676295;-5051;59049.463
0.00180392660015891;0.0540715448858073;-4758;58876.942
0.00184802399536893;0.0547583391529895;-4489.8;58502.704
0.00171906240026074;0.0522434829204206;-5283;59113.234
0.00185782734316587;0.0551239084977436;-4606.5;58636.727
0.00185611634217093;0.0551450952181278;-4547.3;58598.383
0.00173871757059521;0.0528159670355157;-4977;59049.953
0.00185947345707922;0.0551255799434604;-4627.2;58603.686
0.0018535787279228;0.0550291698503039;-4744;58747.051
0.00172272814109305;0.052400121567268;-4992;59083.738
0.00185511223732687;0.0551397893155151;-4506.8;58505.623
0.00182935074239956;0.0545573341385116;-4487.7;58533.4
0.00180333663820902;0.0540667712398873;-4646.5;58780.342
0.00185521058205071;0.0551213976640286;-4602.3;58622.905
0.00185767209089307;0.0551327627622107;-4493.7;58474.984
0.0018561442337026;0.0551529944824796;-4518.4;58498.352
0.00164397151833751;0.0515533593853572;-5227;59201.476
0.00185782734316587;0.0551251151710443;-4587.8;58618.692
0.00185604857083058;0.0549874755927696;-4540.1;58590.268
0.00185611634217093;0.0551450952181278;-4547.6;58599.512
0.00163067292849473;0.0512550366511753;-5262;59230.55
0.00180372462918729;0.0540780167210318;-4788;58892.559
0.00182288300939987;0.0542370229108587;-5062;58860.2
0.00185417173314416;0.0547313292096432;-4871;58787.466
0.0018518062702616;0.0550591535903649;-4549.1;58606.172
0.00167264994338541;0.052493664571382;-5158;59120.102
0.0018502975106084;0.054697056057986;-4869;58790.93
0.0016942776148149;0.0516812298595475;-5211;59171.87
0.00185767209089307;0.0551327627622107;-4491.9;58459.036
0.0018519692651861;0.0549483509540368;-4668.9;58712.747
0.00185629662079033;0.0551433344678778;-4910;58754.713
0.00185915070180027;0.055101979935829;-4493.7;58485.16
0.00167619840831196;0.0524425348299725;-5022;59105.696
0.00185569320373309;0.0550199140004316;-4508.7;58521.433
0.00167243179831877;0.0524747948346003;-5165;59122.947
0.00185747334384593;0.0551169576414725;-4607.1;58638.895
0.00185578110148797;0.0551328550068935;-4682.2;58710.653
0.001825530512992;0.0543477656297008;-4858;58853.443
0.00181875660037136;0.0543353169013751;-4803;58859.851
0.00185803369084503;0.0551345468134241;-4602.8;58632.336
0.00172808509831575;0.0525884269439062;-4953;59074.635
0.00185894538935005;0.0551247673508161;-4840;58720.932
0.00185899798735469;0.0551021350102586;-4496.7;58484.956
0.00169244604546753;0.0527434658174707;-4945;59044.587
0.00162969749649805;0.0512276795129375;-5262;59232.906
0.00180542022378023;0.0540648393550712;-4742;58889.432
0.00177260315579048;0.0544970923209119;-4901;58861.593
0.00164474538559991;0.0515668419251153;-5175;59199.38
0.00170361579207899;0.051915214864599;-5286;59140.904
0.00167717099466598;0.0524649484940983;-4937;59055.399
0.001858935362795;0.0550921712290604;-4484.4;58463.646
0.00180265765380377;0.0540551273911299;-4674.2;58793.364
0.00185944550427805;0.055115986411853;-4708;58690.883
0.00164488524675636;0.051566277834319;-5143;59197.766
0.00180284413329564;0.0540692920547514;-4744;58887.496
0.00169227183485469;0.0516279452465037;-5246;59177.059
0.0018341931221152;0.0545842765843249;-4849;58831.121
0.00185882183965385;0.0551083327569128;-4589.1;58603.322
0.0018596261483105;0.0551200079477918;-4757;58722.61
0.00185554035916256;0.0551369414148976;-4925;58761.475
0.0018596261483105;0.0551248064619903;-4596.6;58581.742
0.00185629662079033;0.0551527518027974;-4505.3;58504.032
0.00183751100905954;0.0544815061324957;-4798;58817.573
0.00185505741520762;0.055133490371258;-4738;58744.619
0.00164488524675636;0.0515663625916223;-5143;59180.689
0.00185782734316587;0.0551274815912668;-4517.3;58522.939
0.00180265765380377;0.0540552035104127;-4661.9;58788.499
0.0018596261483105;0.0551236462891437;-4615.5;58581.917
0.00186485324941092;0.0549521970040613;-4608.9;58559.2
0.0018596261483105;0.055122103884006;-4825;58753.277
0.00163735161791924;0.0515541575394054;-5375;59212.452
0.001858935362795;0.0550921712290604;-4484.7;58465.221
0.00185944550427805;0.0551177581652579;-4818;58751.757
0.00185772559688028;0.0551431523967483;-4586.8;58557.045
0.00164207984040376;0.0516548301995041;-5144;59167.75
0.00169579764011755;0.0517526467073573;-5267;59165.785
0.00179001569029124;0.053816100344113;-4801;58901.456
0.00180874551636233;0.0541878101839493;-4724;58846.163
0.00167153793167141;0.0524440102420623;-5149;59120.111
0.00179517149817291;0.0539361125458622;-4810;58922.416
0.00185273166506662;0.0550012112121192;-4484.7;58481.538
0.00180265765380377;0.0540526701595407;-4648.3;58809.025
0.0017268456608383;0.0524222666534457;-5317;59108.926
0.00185583404985559;0.0550245640978293;-4684.6;58721.17
0.00185588225577574;0.0551412276099881;-4738;58731.266
0.00166422465807082;0.0523206111893812;-5177;59142.059
0.00185883452494036;0.0551249306440374;-4526.4;58530.359
0.00185915070180027;0.0550969967205595;-4670.5;58646.213
0.00182091416092115;0.0543625443514787;-4715;58801.535
0.0018294989912517;0.054583480384856;-4555.4;58652.329
0.0016906079250754;0.0527800299155022;-5134;59075.244
0.00183990366197627;0.0545137475291355;-4713;58776.507
0.00168208112780981;0.0527178269727937;-5308;59086.026
0.00183302349979094;0.0542557650366879;-4914;58855.791
0.00181586641296279;0.0541963466860091;-4702.8;58833.502
0.0018569762647635;0.0551471974147128;-4505.4;58501.97
0.00186397585440758;0.0549548984457325;-4888;58767.952
0.0018596261483105;0.0551230396778145;-4730;58688.49
0.00186406454907796;0.0549444470469584;-4638.1;58581.224
0.00185578110148797;0.0551332469287782;-4679.3;58709.401
0.00186397585440758;0.054957052409368;-4802;58714.065
0.00180423933328405;0.0539569459466368;-4616.8;58763.865
0.00183019550101425;0.0545816043848128;-4633.3;58700.705
0.00185215817113558;0.0550531716580841;-4684.7;58740.942
0.0018561442337026;0.0551531908093363;-4518.5;58491.461
0.00186256893090149;0.0548971710905002;-4564.7;58506.446
0.00185886924442031;0.0551250952548851;-4784;58699.779
0.0018332171547746;0.0542595073513013;-4918;58854.531
0.00185578110148797;0.0551322343776242;-4705;58715.429
0.0018615631271853;0.0548844483668949;-4889;58774.215
0.00169925126670422;0.0518353320150747;-5241;59165.712
0.00185665270158661;0.0551391682654885;-4648.7;58639.307
0.00185883452494036;0.0551184181090752;-4697.1;58702.801
0.00185584986762916;0.0551286966701603;-4501.1;58485.189
0.00186501036170079;0.0549502852744387;-4684.3;58593.036
0.00164420564499948;0.0514601157522174;-5178;59211.018
0.00185899798735469;0.0550955051934095;-4876;58757.103
0.00185643239758236;0.0550222962026503;-4538.8;58580.056
0.00185947345707922;0.0551230704170832;-4740;58730.028
0.0017325470964701;0.0525012105791892;-5160;59103.236
0.00186025029661388;0.0548094371933059;-4586.7;58630.735
0.00164114892376163;0.0514802933678544;-5194;59219.443
0.00186204811105903;0.0548941806539726;-4896;58775.185
0.00186489538911505;0.0549512094785497;-4685.6;58592.492
0.00186235538479429;0.0548831839102663;-4566.2;58584.063
0.00184654880651898;0.0549136289775182;-4778;58792.56
0.00164482096388088;0.0514815917404436;-5060;59163.48
0.0018596261483105;0.0551268148269667;-4651.9;58628.643
0.00163766399823001;0.0513590482503768;-5208;59225.879
0.00185767209089307;0.0551321522658034;-4533.9;58523.689
0.0018596261483105;0.0551222999117231;-4625.1;58608.496
0.00185787587792596;0.0551360310579822;-4542.4;58569.614
0.00183316728730914;0.0542494490381395;-4818;58823.106
0.00185536752312554;0.0549917222778487;-4842;58773.654
0.0018578780978141;0.055140077668576;-4659.3;58636.832
0.00164482096388088;0.0514815917404436;-5102;59179.169
0.00185772559688028;0.0551369156340841;-4755;58718.181
0.00183716212682902;0.0546739960263591;-4738;58781.633
0.00164502291437867;0.0514996136967127;-5126;59198.488
0.00180423933328405;0.0539516290800464;-4804;58908.379
0.00185904989315187;0.0551307269794048;-4853;58693.523
0.00185767209089307;0.0551289150543744;-4528.1;58561.502
0.00185925809470563;0.0551129100806759;-4732;58728.826
0.00182674455875777;0.0542296218356479;-4761;58839.8
0.00185598703906649;0.0551463572147835;-4727;58697.047
0.0018578780978141;0.0551378892614012;-4718;58648.635
0.0018518062702616;0.0550596097578783;-4550.3;58605.9
0.00180423933328405;0.0539560129547727;-4806;58909.894
0.00164468641650933;0.0514913994990953;-5121;59201.631
0.00184573912399783;0.0549271678141619;-4936;58788.601
0.0016890250723674;0.0523835010701039;-5017;59085.967
0.00183169600899743;0.0542293200788253;-4840;58829.562
0.00183643135767144;0.0547477931337383;-4890;58826.325
0.00185767209089307;0.0551281630574574;-4593;58597.297
0.00185772559688028;0.0551382862949489;-4700;58636.966
0.00185941996197421;0.0551140492624809;-4541.8;58577.254
0.00183169600899743;0.0542289105110912;-4892;58852.731
0.00164468641650933;0.0514914932789589;-5166;59210.564
0.00185767209089307;0.0551259165506868;-4698;58695.194
0.0018518062702616;0.0550596097578783;-4552;58608.239
0.00185798534963304;0.0551413906955815;-4509.7;58479.301
0.00185883452494036;0.0551216960407129;-4521.9;58560.332
0.00183964914181076;0.0547967177437441;-4780;58809.153
0.00185904989315187;0.0551320768105317;-4531.1;58578.75
0.00184416670061355;0.0548501973128295;-4778;58794.739
0.00172950793537311;0.052509644491439;-5336;59110.93
0.00165018402640499;0.0516300419145408;-5119;59178.315
0.00174026889943318;0.0526615793086599;-5272;59083.058
0.00182685643781148;0.0544491194156971;-4510.9;58570.209
0.00179154318794742;0.0534220416494225;-5176;58968.897
0.0018239590301649;0.0543975402965843;-4727;58800.191
0.00164514837206985;0.0515393853405477;-5105;59197.701
0.00170964195044696;0.0530966442280177;-5107;59044.633
0.00185941996197421;0.0551190514412514;-4484.4;58461.685
0.00168922625528662;0.052403510263417;-5115;59102.697
0.00185133197349069;0.0550327666020231;-4554.1;58610.059
0.00164502291437867;0.0515001870318681;-5096;59177.366
0.0016716327025652;0.0520849847921756;-5286;59148.042
0.00173326876302034;0.0525604233182803;-5019;59071.282
0.00183784182628093;0.0546153753120884;-4848;58823.829
0.00183316728730914;0.0542494490381395;-4787;58820.404
0.00166173711332597;0.0519046332071653;-5200;59168.557
0.001628487717127;0.0511871161475388;-5306;59245.963
0.00185039663597421;0.0549203086214313;-4541.2;58600.955
0.00182622855719552;0.054521744465051;-4563.7;58670.656
0.00171990866467401;0.0529691573517683;-4830;58993.58
0.00166815674702776;0.0522043078108032;-5265;59147.244
0.00182643264344369;0.0545271531381802;-4867;58850.09
0.00180411853330707;0.053952347380176;-4840;58918.225
0.00185947345707922;0.0551245688064744;-4692.9;58635.907
0.0018561442337026;0.0551513220319716;-4611.8;58608.051
0.001862018901126;0.0549698285507161;-4664.3;58508.774
0.00185904989315187;0.0551303006387619;-4823;58714.49
0.0018561442337026;0.055150935057952;-4790;58704.11
0.00173347486911364;0.0525676771035071;-5126;59101.029
0.00185798534963304;0.0551394235707671;-4589.4;58582.76
0.00186480548134847;0.0549407173462907;-4568.8;58582.843
0.0017556859840482;0.0529880531127892;-5221;59043.389
0.00164502291437867;0.0514997353669943;-5145;59204.155
0.00185904989315187;0.0551306033447929;-4776;58686.037
0.00183169600899743;0.0542307050969168;-4890;58846.698
0.00162933504981307;0.051225260676658;-5305;59242.401
0.00184553531388315;0.0545032446219235;-5008;58812.38
0.0018561442337026;0.0551495918633954;-4605.5;58617.785
0.00164376240316727;0.0514821708991034;-4902;59026.475
0.00170980135248211;0.0527232175843981;-5093;59080.303
0.00183005457142047;0.0546005623056237;-4906;58838.529
0.0016716327025652;0.0520843193023318;-5237;59143.524
0.00185629662079033;0.055148905088085;-4634.5;58626.357
0.00164502291437867;0.0514967384767296;-5263;59212.84
0.00175567487068947;0.0529861127122621;-5164;59051.183
0.001862018901126;0.0549693719814651;-4664.3;58511.703
0.00186106486259802;0.0549142303925855;-4569;58591.267
0.00184591502757206;0.0549402098534749;-4836;58788.581
0.0018438805018812;0.0545385154650562;-4995;58822.314
0.00184858644445999;0.0550662215545808;-4491.9;58488.123
0.00167296574644138;0.0520947132319711;-5237;59141.309
0.00185793185944169;0.0551263315577607;-4529.4;58561.616
0.0018557683481767;0.0551240089231151;-4667;58644.534
0.00172862074985942;0.052474773905929;-5331;59114.276
0.00179946468019942;0.053929766777748;-4700.2;58870.589
0.0018281576816788;0.0545353153987436;-4606;58680.94
0.0018513452387188;0.0550668748250283;-4829;58775.102
0.00175347206174193;0.0529235493509963;-5177;59051.397
0.00165278321191691;0.0516737116559101;-5288;59193.535
0.00183961235618384;0.0545101796777442;-4852;58828.391
0.0018581378924909;0.0551338495789282;-4751;58761.722
0.00176704820923912;0.0532401263311148;-5003;59021.704
0.00177575558239701;0.0534577259040352;-5104;58970.207
0.0018581378924909;0.0551330913638254;-4595.6;58614.516
0.00185944550427805;0.0551243096992447;-4580.7;58559.435
0.00177948575439015;0.0535173481263528;-5150;58981.697
0.00182216941437498;0.054517435565705;-4558.5;58677.225
0.00164863780631966;0.0515955739747627;-5153;59190.172
0.00185889714992868;0.0551337446444989;-4770;58663.234
0.00185574863843743;0.0550888249709085;-4522.5;58569.098
0.00185629662079033;0.0551478944947886;-4610.7;58640.271
0.00182042564482915;0.0544443066304286;-4695.6;58811.352
0.00164168840413252;0.0514575883345113;-5054;59149.027
0.0017695475181666;0.0544609019518617;-4924;58865.211
0.0018596261483105;0.0551236102929667;-4731;58704.8
0.00185028267214851;0.0549184451209024;-4541;58600.955
0.00183335067070423;0.0546618114111024;-4887;58828.869
0.00184542114907127;0.0545035351563279;-5009;58810.166
0.00164541887285375;0.0515456198147445;-5355;59202.342
0.00182543867446622;0.0545060946789786;-4545.5;58653.937
0.00184314915463302;0.0548952465060187;-4693.3;58748.323
0.00174766794304624;0.0528999915957224;-5250;59056.101
0.0018561442337026;0.0551476920014649;-4671.1;58655.674
0.00165328015238051;0.0517065373755406;-5380;59197.856
0.00164714620264608;0.0514895068402707;-5196;59198.041
0.00183361235971122;0.0546564306212163;-4896;58827.184
0.00166821362393307;0.0521040136004906;-5425;59153.383
0.00173979489261823;0.052709666202157;-5094;59079.703
0.00178282971543075;0.0534903071480577;-4803;58962.74
0.0018581378924909;0.0551386486276174;-4589.2;58582.76
0.0018523657345411;0.0549988013292267;-4751;58783.943
0.00182843449468218;0.0545987431061696;-4788;58818.359
0.0017699047540699;0.0533023724275061;-5061;59006.589
0.0018581378924909;0.05513517091641;-4749;58736.513
0.00167296574644138;0.0520949652028588;-5238;59142.776
0.00185618959551843;0.0551426415156043;-4590.8;58604.264
0.00164376408549894;0.0514830357271629;-5154;59219.411
0.00181603214277094;0.053932616045417;-4988;58883.929
0.00165496846314739;0.0517274400790672;-5299;59188.004
0.00185892441070491;0.0551260056635028;-4713;58644.585
0.0018596261483105;0.0551291586034938;-4506.2;58499.996
0.00182843449468218;0.0545987431061696;-4794;58825.881
0.00182187447917052;0.0544290479765766;-4514.6;58588.098
0.00173979489261823;0.0527144306679069;-5094;59079.476
0.0018578780978141;0.0551404426975854;-4497.3;58467.449
0.00186485570607295;0.0549496645861971;-4922;58745.746
0.0018581378924909;0.0551338495789282;-4748;58759.667
0.00185350141404045;0.0550379355518516;-4741;58765.553
0.00185889714992868;0.0551298208792016;-4874;58720.587
0.00164771880532259;0.0516704771608068;-5144;59166.693
0.00185929677544168;0.0551171901036302;-4484.2;58461.685
0.0017699047540699;0.0533022256640224;-5059;59006.86
0.00185889714992868;0.0551322637541349;-4607.4;58565.215
0.00184513704848972;0.0548219559659386;-4883;58804.851
0.00178282971543075;0.0534907701651596;-4744;58941.191
0.00182843449468218;0.054598331785076;-4846;58839.995
0.00186480548134847;0.0549402353176693;-4660.3;58644.307
0.00182003297584137;0.0540433918663882;-5017;58870.614
0.00185889714992868;0.0551294966881088;-4860;58735.308
0.00164700514360039;0.0514899813817377;-5182;59203.944
0.00182641159915353;0.0545155812505341;-4709.8;58791.658
0.00185767209089307;0.0551321522658034;-4536.2;58536.849
0.00185434799760791;0.0550889112215109;-4888;58775.55
0.00181115056692124;0.0543668097891511;-4797;58882.28
0.00175196616859987;0.052937323435587;-4951;59038.622
0.00186480548134847;0.0549406418760313;-4584.1;58601.375
0.00163164614911357;0.0512576917717095;-5282;59236.218
0.0018561442337026;0.0551490744850676;-4655.3;58634.112
0.00186501036170079;0.0549521726138676;-4782;58637.418
0.00165379706628896;0.0517219361605334;-5243;59189.216
0.00185664532552399;0.0551340851671827;-4523.3;58547.114
0.00180928390663715;0.054287326541644;-4616.8;58758.985
0.00164757800148656;0.0516693153218042;-5170;59187.714
0.00182228217755987;0.0545193617087959;-4574.3;58694.476
0.00185180088363685;0.0548679675585175;-4506.3;58515.4
0.001856090974703;0.0551375198986072;-4570.3;58620.679
0.00177008522922328;0.053284885501484;-5051;59011.447
0.00182687972723596;0.054542298451384;-4709.8;58789.69
0.00175343690879484;0.0527632190614291;-4942;59020.13
0.00186459015643126;0.0549518790299125;-4528.8;58503.067
0.0018561442337026;0.0551531908093363;-4519.3;58493.777
0.00180423933328405;0.0539501399003698;-4821;58922.192
0.00180928390663715;0.0542837516215564;-4768;58866.757
0.00185767209089307;0.0551322412504186;-4514.4;58507.55
0.00176964317885853;0.0535909957105364;-5069;58999.297
0.00182823464456317;0.054593970998077;-4837;58841.785
0.00178082444947457;0.0535662919605559;-5020;58957.775
0.00177142329990455;0.0533100287873737;-5014;58999.002
0.00173629576099682;0.0526439191124512;-5028;59067.81
0.00175000010566086;0.0539127482993951;-4863;58937.206
0.00179898928816183;0.0547040354870178;-4898;58832.377
0.00184345457186105;0.0547630956038721;-4882;58812.078
0.00181861627669178;0.0541717351265129;-4808;58883.202
0.00185923454279307;0.0551310632141604;-4584.2;58556.822
0.00173511874870673;0.0526283195323521;-5043;59092.136
0.00176520050321237;0.0534953577660783;-5009;58994.236
0.00183723815451099;0.0549349903457993;-4717;58753.22
0.00165210331995471;0.0515823538193468;-5078;59165.387
0.00182486178468876;0.054563563689268;-4831;58844.744
0.00164400265659807;0.0515132897184687;-5152;59217.757
0.00179584954854856;0.0537752894988432;-4784;58914.41
0.00163509180339122;0.0513526948653573;-5465;59231.182
0.00172594377137913;0.0531219380496952;-4904;59029.257
0.00165273310247035;0.051727998098402;-5249;59192.883
0.00180928390663715;0.0542835039512401;-4841;58888.852
0.00181294446811809;0.0543285206380758;-4639.5;58727.107
0.0018617332983523;0.0549053863828149;-4725;58671.581
0.00184142579287513;0.0547386758138346;-4873;58814.474
0.00176241907055281;0.0534389181903497;-5019;59014.88
0.00178396831827756;0.0535109655786966;-4856;58960.579
0.00180928390663715;0.0542825062200038;-4775;58866.878
0.00176858258552037;0.0535817441542672;-5018;59002.602
0.00186482739445761;0.0549505990484775;-4648.9;58560.908
0.00180436867510291;0.0542070024118671;-4620.9;58774.336
0.00181861627669178;0.0541757882820242;-4761;58878.308
0.0018568118805497;0.0551331942832325;-4511.6;58506.242
0.00180810798183392;0.0542675174015464;-4805;58901.12
0.00180411853330707;0.0539498519220463;-4818;58922.981
0.00164737296400842;0.0515773327403916;-5346;59200.376
0.00163675053792791;0.0513923721977236;-5314;59227.47
0.00181294446811809;0.0543324296478373;-4642.5;58735.352
0.00175006328244797;0.0528579373260253;-5021;59044.759
0.00172594377137913;0.0531219518073946;-4907;59029.044
0.0017325446015896;0.0525826335240494;-5134;59100.682
0.00185913931142728;0.0551329771074296;-4554;58550.287
0.00174810262897973;0.0537622126790707;-4849;58950.801
0.00173672761396995;0.0526546462421179;-5043;59086.99
0.00184142579287513;0.0547413949832723;-4608;58697.1
0.00176241907055281;0.0534388874819047;-5012;59014.665
0.00185406460666968;0.0550351412362941;-4503.5;58501.213
0.00173993770614885;0.0526941342565488;-5157;59084.88
0.00173963546929768;0.0526695385266766;-5128;59096.219
0.00179894004287443;0.0546928353164882;-4767;58811.364
0.00178290932834228;0.0534833432589019;-4857;58964.217
0.00166108723049169;0.0519123272574896;-5479;59177.386
0.0017138341605141;0.0528029237496853;-5184;59082.357
0.00167160000337285;0.0519881824124605;-5171;59164.124
0.00181294446811809;0.0543293357733036;-4844;58886.614
0.00173934657594399;0.0536409452520152;-4911;58987.493
0.00176858258552037;0.0535839930882631;-5031;58986.94
0.00174057592983702;0.0536429539944251;-4839;58976.461
0.00173993770614885;0.0526938592854941;-5103;59089.062
0.0018581378924909;0.0551319302736535;-4669.9;58629.404
0.00181676015822214;0.0541877365194397;-4652;58771.495
0.00182222129425729;0.0544905897532404;-4832;58853.375
0.00171255098485801;0.0528061166495589;-5005;59065.929
0.00181510126967251;0.0542689683161661;-4780;58891.987
0.00185798534963304;0.0551358873554299;-4627;58612.371
0.00185935907683058;0.0551249890416206;-4613.3;58616.027
0.00173993770614885;0.0526952926389206;-5157;59083.792
0.00185787110514487;0.0551375602723874;-4590.4;58582.983
0.00174903980857463;0.0537483131549734;-4811;58939.22
0.00167278526883468;0.0520080578209495;-5263;59168.08
0.00185798534963304;0.0551344741580442;-4875;58762.802
0.0017666472398813;0.0535192066069178;-4941;58974.345
0.00175270648307498;0.0527319994847556;-4923;59043.676
0.00178093549706433;0.0535673229255373;-4999;58953.574
0.00175024869717862;0.0528622588877901;-5035;59070.867
0.00165273310247035;0.0517277454682446;-5253;59194.877
0.00176858258552037;0.0535844010106356;-5028;58969.554
0.0018389074396233;0.0544648954932824;-4955;58838.814
0.00163495175625033;0.0513560535033628;-5349;59230.958
0.00165474109029956;0.0517840021096869;-5234;59189.108
0.0018578780978141;0.0551358810618493;-4805;58749.891
0.00170722975099368;0.0529032014008811;-5065;59067.013
0.0018581378924909;0.0551380900751534;-4607.9;58595.89
0.00174890664106848;0.0538161754284125;-4821;58930.774
0.00167278526883468;0.0520081045873785;-5274;59154.133
0.00185947345707922;0.0551249989828729;-4715;58686.568
0.0017323507192519;0.0525724827075525;-5053;59093.383
0.00181294446811809;0.0543319843754479;-4759;58854.669
0.00185798534963304;0.0551346420417189;-4875;58754.491
0.00174990871900988;0.0526436578954539;-4961;59054.725
0.00167620634086729;0.052143586886844;-5189;59131.346
0.00176520050321237;0.053495693553851;-4994;58987.801
0.00181173471622526;0.0543041655083682;-4659.4;58755.059
0.00176683239740225;0.0535232184469248;-4944;58975.583
0.00185793185944169;0.0551230950055105;-4581.6;58589.743
0.00180797823245538;0.0542114627240809;-4735;58858.457
0.00175186131013975;0.0538296708500387;-4895;58945.002
0.00175232452765983;0.0529682199795264;-5092;59042.213
0.00181263002761512;0.0543238653186585;-4496.9;58584.453
0.00181464558352266;0.0543190516264648;-4636.1;58729.355
0.00181096354242861;0.0541732381359088;-4791;58901.399
0.00179913984069104;0.0547004116076098;-4785;58830.289
0.00185798534963304;0.055135833669713;-4614.3;58632.357
0.00172001904048283;0.0531809115843445;-5147;59025.609
0.00163294345006021;0.0513259993309351;-5292;59234.465
0.00167639417743627;0.0521545179249632;-5250;59129.518
0.00166253183524769;0.0519755055488208;-5484;59168.895
0.00165585218209957;0.0518400363044908;-5211;59185.526
0.00180987837563496;0.054300071213071;-4655.4;58767.514
0.00170955944335307;0.0527398952908989;-4963;59071.7
0.00185904989315187;0.0551361727364928;-4494.2;58443.425
0.00176501536059043;0.0534916066840607;-5004;58991.798
0.00185208586786409;0.054924153776649;-4635.7;58667.813
0.00185830099347483;0.0551327783869672;-4625.2;58599.537
0.00166464592159989;0.0520972505623461;-5245;59165.172
0.00171142297281457;0.0529989418617362;-5067;59048.55
0.00185793185944169;0.0551239416223889;-4731;58736.847
0.00174704904777047;0.0535541519061816;-4990;58969.81
0.00180559028932188;0.0541950682491476;-4827;58906.696
0.00163551890299345;0.0513511057248842;-5280;59233.615
0.00162895833245574;0.0512130670821406;-5306;59243.994
0.00185750391537757;0.0551077044513276;-4650.6;58647.373
0.00165585218209957;0.051840373366748;-5211;59184.911
0.00165782131002839;0.0518794263594437;-5182;59175.868
0.00168151559195767;0.0523268325858465;-5258;59132.638
0.00180680248466998;0.0541985753252019;-4737;58860.048
0.00175996698114116;0.0531524340194947;-4969;59011.777
0.00179860106566256;0.0538603619360752;-4920;58931.454
0.00182222129425729;0.0544905134711199;-4845;58858.183
0.00164714620264608;0.0514894132900922;-5183;59201.589
0.00175024869717862;0.0528620022861194;-5028;59043.876
0.00167820001185877;0.0523578226709582;-5126;59126.814
0.00174459449706098;0.0535309913202317;-4980;58972.071
0.00185677743007666;0.055103577660057;-4585.4;58595.042
0.00165782131002839;0.0518804816531348;-5165;59160.459
0.00173511874870673;0.052628722261694;-4993;59063.773
0.00174566436203767;0.0526118708796167;-5091;59082.773
0.00185929272888928;0.0551211437804818;-4603.4;58603.896
0.00176017889406933;0.0529458924345803;-5047;59041.718
0.00180182173466253;0.0540997789582251;-4817;58916.537
0.0018310162097537;0.0545109223564641;-4951;58845.467
0.0018581378924909;0.0551356224087392;-4716;58690.477
0.00182918750088666;0.0546407470502146;-4890;58829.91
0.00165585218209957;0.0518401100165963;-5200;59176.979
0.00181943863969131;0.0540642827347913;-4903;58881.15
0.00167778230102842;0.0522969804769675;-5316;59136.678
0.00165958525378033;0.0518620832757934;-5079;59139.718
0.00172471038636423;0.0530902719543473;-4908;59029.477
0.0018578780978141;0.0551360537458615;-4839;58762.899
0.00163748825012134;0.0513736501200971;-5302;59227.919
0.00176017889406933;0.052943260183567;-5043;59046.428
0.00181917876870113;0.0545189586466352;-4684.7;58779.123
0.00185798534963304;0.0551366580177863;-4746;58697.7
0.00185754510149079;0.0551388910068648;-4560.9;58521.262
0.00163567929690003;0.0513505342393808;-5277;59230.101
0.00164930549908228;0.051533363817137;-5181;59194.117
0.00173999248678429;0.0527297315779255;-5093;59077.754
0.00181132646190952;0.0542911007476088;-4845;58889.084
0.00166446046303866;0.0520864901500477;-5204;59151.426
0.00176219104328605;0.0529759299643943;-4958;59035.026
0.00165750216835847;0.0518182328290185;-5227;59183.22
0.00186501036170079;0.054955054203236;-4631.2;58539.627
0.00186480548134847;0.0549406915261491;-4614.1;58608.719
0.001856677156071;0.0551197996324263;-4598;58626.234
0.00185606265100958;0.0550353409321344;-4627.6;58660.56
0.00180327386546649;0.0541187306772252;-4790;58895.868
0.0017397981517494;0.0527193621543813;-5041;59076.086
0.00176513662600053;0.0536004899469175;-5064;58978.877
0.00168170486928767;0.0523395830574389;-5332;59141.361
0.00185825447053234;0.0551118427414486;-4877;58759.206
0.00166253183524769;0.0519756507471403;-5485;59168.681
0.00173488639370873;0.0525284746849457;-5024;59069.764
0.00169251571953823;0.0525994537238754;-5240;59104.833
0.00181738491165624;0.0545051366526511;-4759;58849.144
0.00162970192751491;0.051218099571381;-5305;59243.297
0.00185904989315187;0.0551323591641622;-4593.1;58560.28
0.00173652939847999;0.053667129354517;-5061;58971.677
0.00168363167174027;0.0525789180522023;-5010;59093.629
0.00185772559688028;0.055138133158256;-4752;58705.603
0.00169108870216337;0.052770634707616;-4987;59074.041
0.00180768707219101;0.0541772816616639;-4803;58902.699
0.00165858944537734;0.0518994935863179;-5153;59156.968
0.00168420007854076;0.0523896199854448;-5329;59138.407
0.00170875850311395;0.0529784076465498;-5183;59052.925
0.00167102402776076;0.0520132651790173;-5147;59144.875
0.00172593204150199;0.0530792628473262;-4879;59002.858
0.00182769327046653;0.0546137855138886;-4899;58839.155
0.00180472934197795;0.0541155451955582;-4740;58871.365
0.00185698119321535;0.0551126091641372;-4645.9;58644.806
0.00185793185944169;0.0551256582599549;-4667.9;58668.589
0.00185772331746813;0.0551345496985442;-4689.9;58647.578
0.0018578780978141;0.0551354887985725;-4833;58765.069
0.00176350654596401;0.0531407167201373;-4897;58992.016
0.00169251571953823;0.0525992017601562;-5238;59101.785
0.0016969943393666;0.052532560909951;-5415;59114.034
0.00179595764832588;0.053743523139856;-4913;58943.043
0.00181938223276284;0.0545290103789665;-4851;58861.243
0.00168932613891473;0.0527888143748687;-4981;59068.014
0.0018077757478639;0.0542015469817167;-4680.3;58790.875
0.00168837348727471;0.0515236515229455;-5180;59191.941
0.00182769327046653;0.0546140633321099;-4910;58836.442
0.00168851423839988;0.0515229220865408;-5171;59194.745
0.00180996897233307;0.0541762909896482;-4865;58895.608
0.00184804507312887;0.0548264729262773;-4823;58800.005
0.00182694764444403;0.0546086381131698;-4897;58843.664
0.00182192462444654;0.0545572317598538;-4759;58827.931
0.00168523245916639;0.0525135633593842;-5276;59124.68
0.00185904989315187;0.0551361727364928;-4495.6;58454.636
0.00166108723049169;0.0519155010978459;-5431;59177.374
0.00167933122461747;0.0522917695104063;-5323;59139.211
0.00176722301692102;0.0530485584853618;-4949;59027.552
0.00167778551994368;0.0524768562070074;-5107;59110.868
0.00168368680280065;0.0523922769663881;-5333;59140.511
0.00185772559688028;0.0551366223925075;-4787;58744.709
0.00185904989315187;0.0551330599993115;-4552.5;58550.031
0.0018578780978141;0.0551380564752678;-4736;58700.547
0.001628487717127;0.0511871161475388;-5310;59250.802
0.00176256845127022;0.0529865352844509;-4975;59035.155
0.001628487717127;0.0511879985597024;-5257;59229.118
0.0018126543260628;0.0544410263671402;-4710;58818.599
0.00176936669668849;0.0532605144048559;-4944;58980.146
0.00169251571953823;0.052599347353296;-5239;59101.559
0.00185798534963304;0.0551374098078035;-4696.4;58681.7
0.00171089116033395;0.0530221770071736;-5142;59049.726
0.001856677156071;0.0551190478068483;-4647.3;58641.941
0.00182769327046653;0.0546137855138886;-4897;58835.969
0.00184756128989964;0.0548042451058435;-4796;58786.968
0.00181852430612237;0.0544978807555159;-4752;58845.167
0.00167132956060977;0.0520247381377095;-5365;59150.776
0.00185210525534765;0.0549991821755953;-4836;58786.719
0.00185682862486213;0.0551125415216622;-4652.1;58646.793
0.00169201600869347;0.0525266807415186;-5228;59121.553
0.00173117908949659;0.0532974645527515;-5251;59018.055
0.0018126543260628;0.0544411136439346;-4706;58814.573
0.00172438770619074;0.0521895839683765;-5212;59113.067
0.00185225712563942;0.0550003310355255;-4834;58786.41
0.00184480215574234;0.0547917346248461;-4821;58796.15
0.00185682382703004;0.0551446887685807;-4703;58685.357
0.00162865225097495;0.0511864478902715;-5279;59237.872
0.00186501036170079;0.0549507298242297;-4718;58668.835
0.00162865225097495;0.051186304646846;-5277;59238.285
0.00185772559688028;0.055136295541435;-4856;58761.908
0.00181388120882873;0.0544255542998938;-4805;58866.632
0.00180341377488092;0.0540152285688892;-4899;58920.953
0.0018017377433679;0.0537517550270331;-5039;58932.476
0.00166505137999681;0.0520286982878307;-5484;59163.79
0.00182467289779197;0.0545665475043094;-4851;58859.422
0.00184756128989964;0.0548045812693139;-4796;58785.826
0.0018405732744212;0.0548308202250133;-4846;58814.562
0.00169151416324247;0.0525524857687425;-5266;59119.406
0.00166262409340272;0.0519421534250909;-5352;59173.13
0.0018589355665988;0.055129175601401;-4612.2;58579.24
0.0018569762647635;0.05514289923523;-4725;58695.17
0.00169288563622159;0.0525843300276914;-5201;59106.168
0.00183429598444185;0.0547199180155685;-4839;58824.599
0.00186501036170079;0.0549507063970587;-4941;58752.054
0.00184019841102498;0.0548591107396077;-4657.7;58716.868
0.00185698299054777;0.0551063661106009;-4716;58710.698
0.00168878420402496;0.0515401355231971;-5427;59199.287
0.00182201611326434;0.0545655930160186;-4786;58849.387
0.00168423294867512;0.0524769598453464;-5369;59127.262
0.00168851423839988;0.0515223766262924;-5243;59201.332
0.00168311188745676;0.052360137327291;-5084;59095.582
0.0018581378924909;0.0551358829120841;-4748;58696.35
0.00183053403942069;0.0546048545049236;-4879;58829.434
0.00184608726671109;0.0545988505549502;-4822;58795.869
0.00166336995206174;0.0519596967352542;-5382;59176.771
0.00185769062171626;0.0551308586993567;-4670.3;58662.09
0.00179329109967111;0.0537458034845741;-4767;58935.854
0.00165774356073293;0.0518387936992348;-5060;59152.66
0.00185772559688028;0.055136295541435;-4949;58762.298
0.00170806100911187;0.0522889009935318;-5364;59118.92
0.00166596068974858;0.052162251272222;-5092;59136.204
0.00180922279448686;0.054187777919389;-4680.3;58793.543
0.00179602860105734;0.0537576352495219;-4747;58911.069
0.0018646901531986;0.0549439410976318;-4507.9;58472.451
0.00168837348727471;0.0515237301528026;-5247;59200.04
0.00168375070776261;0.0524238790404815;-5347;59130.408
0.00180922279448686;0.054187361932382;-4694.1;58856.555
0.00168851423839988;0.0515202524635383;-5317;59204.581
0.00186480548134847;0.0549409478294967;-4612.1;58579.706
0.00168851423839988;0.0515229222676988;-5172;59189.212
0.00184240132665071;0.0544641387724123;-4955;58834.521
0.00171700228695211;0.053074627520458;-5157;59042.414
0.00177471603973464;0.0534437329665112;-4965;58981.031
0.00186501036170079;0.054948574978279;-4641.6;58600.901
0.00186501036170079;0.0549461106373581;-4855;58768.769
0.00176028932640871;0.0531412476510393;-5050;59027.998
0.00172071554748456;0.0521178365130564;-5249;59126.766
0.0017978729342229;0.05382767198448;-4883;58926.901
0.00181505297934554;0.0540293043815538;-5016;58899.619
0.0016838896458862;0.0524030276470508;-5355;59131.876
0.00185981785436516;0.0547811765077632;-4528.7;58479.245
0.0016844532933085;0.0514399803860187;-5420;59208.307
0.00183818128233324;0.0548243786794987;-4565.2;58678.791
0.00180505191093869;0.0539082444924317;-4850;58916.901
0.00184218308286253;0.0544710987250901;-4906;58833.618
0.00185248493224019;0.0550889103199874;-4626.9;58657.744
0.00169579967298222;0.0516973165220013;-5337;59180.806
0.00177384255780188;0.0533567659707221;-5097;58986.411
0.00177384255780188;0.0533541216635565;-5079;58993.685
0.00165205608026866;0.0520460328954733;-5467;59175.007
0.0016764104009649;0.0523267102168269;-5383;59151.467
0.00180821973720953;0.0539491172854991;-4677.1;58796.406
0.00183708273896466;0.0547868064099902;-4650.8;58700.694
0.00163431541917778;0.0512887307158615;-5306;59242.492
0.00169565881364964;0.0517009543074371;-5170;59163.724
0.00174839231691046;0.0529637543474001;-4858;59025.719
0.00184051984044998;0.0548195356119728;-4845;58814.017
0.00170224717513553;0.053063618643999;-4921;59042.134
0.0018090745691556;0.0541884930802368;-4680.6;58793.543
0.00163936854522474;0.0515569218118461;-5236;59208.085
0.00185935907683058;0.0551252352539824;-4613.2;58587.759
0.00183001600179289;0.0546122909724196;-4700.5;58782.599
0.0018561442337026;0.0551536446169676;-4520.4;58500.436
0.00177114816668543;0.0533574427187269;-5129;58987.34
0.00186480548134847;0.054940599907942;-4573.6;58594.5
0.0017962303420376;0.0539787248908925;-4863;58920.482
0.00182344017962046;0.0543732049798802;-4779;58851.9
0.0018061510246172;0.0539154853685569;-4765;58884.153
0.00172883874463156;0.05318023014318;-4872;58978.365
0.00173532449245349;0.0526380591837164;-5122;59100.187
0.00185947345707922;0.0551271737002268;-4606;58583.518
0.00180728390658806;0.0539491139600786;-4680.1;58799.843
0.00186417098454935;0.0549576861041691;-4763;58679.81
0.00168837348727471;0.0515238240942795;-5261;59199.99
0.00168367785007261;0.05243937402509;-5349;59143.636
0.00171405063912533;0.0520668245454558;-5312;59134.024
0.00168851423839988;0.051520474956546;-5365;59202.624
0.00178212809997944;0.0545233678124149;-4619.8;58701.037
0.00177471603973464;0.0534465515070586;-4927;58972.343
0.00177471603973464;0.0534437329665112;-4965;58981.031
0.00181376890345723;0.054423948056299;-4829;58870.407
0.00185534307126868;0.0551015752258157;-4672.8;58672.84
0.00173949767676076;0.0527475848079133;-4980;59050.287
0.00167722706032939;0.0526959382617546;-5392;59092.914
0.00185683050980036;0.0551054134984312;-4695.1;58746.53
0.00182891492527432;0.0546411358382649;-4865;58835.17
0.00179606935306358;0.0537480429556294;-4909;58927.49
0.00163936854522474;0.0515544966222524;-5388;59222.033
0.00172565558209416;0.0522088003158599;-5157;59107.957
0.00172666188021683;0.0522126225319417;-5204;59112.764
0.00185666531433698;0.0547758003710287;-4861;58786.461
0.00176188879914902;0.0531910304780471;-4973;58997.355
0.00182769327046653;0.0546110132753644;-4896;58836.899
0.00175569579263789;0.0530718451094054;-5048;59037.685
0.00185709486683842;0.0551529334399556;-4525.3;58479.828
0.00186489538911505;0.0549497159903465;-4659.3;58603.743
0.00164222524775825;0.0516231569134388;-5378;59215.907
0.00183822212649231;0.0548814339074071;-4866;58798.488
0.00186501036170079;0.0549490512916181;-4693;58616.048
0.00174677122310487;0.0529310790161422;-5074;59064.872
0.00186485570607295;0.0549490444355453;-4942;58755.209
0.0017062990354965;0.0532192526564832;-5140;59023.667
0.0017962303420376;0.0539800995210533;-4665.1;58810.389
0.00169291386612704;0.0516121784423157;-5193;59190.798
0.001862554748138;0.0549159692722813;-4564.3;58563.361
0.00179839932372654;0.0536925644071397;-4932;58950.461
0.00167109128031344;0.0522577481118377;-5060;59117.531
0.00181751736638183;0.0545470152988026;-4847;58860.554
0.00175569579263789;0.0530719780875838;-4998;59014.415
0.00167578990015794;0.0523272997798497;-5427;59147.13
0.00173852797550089;0.0526854473357962;-5126;59089.782
0.00185873831569669;0.0548134593065991;-4912;58781.399
0.00164577871045212;0.0516648675592211;-5309;59196.95
0.00173287421784057;0.0532553276724844;-5096;59023.047
0.00186485570607295;0.0549556666981409;-4577;58496.246
0.00186501036170079;0.0549481613805808;-4689.6;58623.506
0.00169091674423254;0.0516027632128223;-5364;59192.65
0.00185632452131445;0.0550704182213961;-4688.3;58731.463
0.00186485570607295;0.0549532208419994;-4654.2;58591.502
0.00181623344197565;0.0542988319369466;-4764;58850.87
0.00179602825671852;0.0539750303305196;-4515.5;58638.487
0.00165527925444873;0.0520946783798054;-5443;59171.225
0.00176016408916146;0.0531570789584464;-5070;59040.682
0.00180116053320577;0.0539650232522532;-4712;58882.049
0.00166760202366463;0.0520406561118443;-5195;59161.193
0.00180599272089703;0.053915899332937;-4840;58913.989
0.00182355081968127;0.0543711385934443;-4772;58851.945
0.00186501036170079;0.0549493097663888;-4775;58741.929
0.0016516221370596;0.051976385582217;-5392;59181.125
0.00165571690941539;0.0521208561994414;-5443;59169.255
0.00167662308624888;0.0525219356149595;-5294;59140.183
0.00173686966777456;0.0526748943931761;-4973;59054.669
0.00167099489258353;0.0522380860170994;-5106;59121.758
0.00168367785007261;0.0524392279172411;-5347;59143.849
0.00179606935306358;0.0537478768336448;-4921;58935.176
0.00170658048366697;0.0518723297161816;-5081;59157.668
0.00174890319319721;0.0529195321964134;-4992;59041.96
0.00175884288757143;0.0533366583215666;-4986;58987.28
0.00179111582137911;0.0536386210848744;-4965;58953.309
0.001628487717127;0.0511868516646067;-5274;59244.977
0.00181388120882873;0.0544255542998938;-4832;58869.867
0.00185775191289213;0.0551063459111101;-4776;58772.672
0.00165071981153289;0.0517241407418479;-5135;59166.631
0.00185618264658537;0.0551408436474578;-4672.2;58659.685
0.00165187476219809;0.0520382328472511;-5370;59174.411
0.00180669724096086;0.0541372732337417;-4851;58918.347
0.00186501036170079;0.0549548965878843;-4575.8;58496.246
0.00165609136591411;0.0521346598916838;-5442;59166.791
0.0018596261483105;0.0551287444050001;-4555.4;58513.767
0.00165607584174922;0.0521413479974788;-5460;59161.378
0.00173707302331062;0.0526825584206459;-5030;59052.731
0.00181146631254431;0.0543695906929115;-4824;58872.813
0.00185708910614416;0.0550813733066804;-4683.1;58686.373
0.001628487717127;0.0511871442409507;-5310;59249.621
0.00186480548134847;0.0549382761272459;-4798;58763.538
0.00177341330066716;0.0537362662728749;-4843;58953.859
0.00179595764832588;0.0537462652653678;-4910;58941.614
0.00179391990493042;0.0536937608410603;-4863;58945.635
0.00165494525474484;0.0520528890530847;-5331;59172.798
0.0018561442337026;0.0551536446169676;-4520.5;58500.625
0.00186501036170079;0.0549506282558489;-4774;58708.825
0.00185798534963304;0.055139664663179;-4583.2;58522.22
0.00166561326426426;0.052375121304976;-5244;59139.169
0.00164743163126307;0.0519833678447146;-5494;59177.835
0.00172314025055564;0.0533691365719471;-4971;58992.616
0.00185194746022788;0.0550213372381245;-4806;58787.811
0.00180777558329636;0.0543767682432443;-4831;58876.459
0.00162966504189011;0.0512178605727691;-5296;59238.37
0.00185566708254292;0.0550706075363578;-4780;58773.532
0.00169382431923617;0.0516120355557325;-5193;59183.016
0.00185424765350533;0.055121842962073;-4652.2;58661.833
0.00185941996197421;0.0551190514412514;-4486.7;58466.499
0.00186485570607295;0.0549561970094742;-4577.1;58484.641
0.00168009378251038;0.0523340668298397;-5372;59145.473
0.00175484995969007;0.0532347554342456;-4906;59007.578
0.00186501036170079;0.0549541545515983;-4711;58617.529
0.00165354763048118;0.0520625050915458;-5410;59173.943
0.00186485570607295;0.0549518015519859;-4815;58702.509
0.00185941996197421;0.0551136352922989;-4641.4;58644.556
0.00185929272888928;0.055123009970134;-4545.8;58555.798
0.00181634633293117;0.0543049937947271;-4672.8;58775.937
0.00185941996197421;0.0551188837587099;-4488.3;58478.266
0.00174339057568836;0.0527920643010849;-5171;59075.815
0.0018069005120224;0.0539519358819272;-4812;58907.093
0.00169621088630772;0.0525944447609644;-5266;59114.147
0.00165599590369578;0.0521169969207807;-5362;59169.533
0.00185610960553759;0.055119970219327;-4825;58766.924
0.00183521897402582;0.0548056295318107;-4506.6;58537.439
0.00168960153849158;0.0515343000369447;-5455;59196.605
0.00186480548134847;0.0549433667712275;-4659.5;58622.812
0.00168009378251038;0.0523342623721215;-5343;59143.375
0.00173686966777456;0.0526744450438465;-5064;59092.8
0.00165758900490734;0.0521471003564469;-5288;59153.304
0.00186485570607295;0.054951648943404;-4823;58734.501
0.0018596261483105;0.0551296795275854;-4489.5;58471.89
0.00174866547001384;0.0529011269361115;-4894;59004.303
0.00177144413523937;0.0543453100071392;-4748;58852.662
0.00171301693886452;0.0530574016828714;-5151;59052.67
0.0017984970109786;0.0539957008234594;-4631.6;58780.704
0.00181018346845722;0.0544060709656161;-4789;58863.221
0.00185529151715161;0.0550704271934107;-4544.4;58596.528
0.00186073531808567;0.0549065155053307;-4619.4;58613.443
0.00186501036170079;0.0549539870199349;-4716;58624.137
0.00183085780683361;0.0546598758227434;-4865;58826.941
0.00169840772965734;0.0531088112435866;-5175;59065.946
0.00173707302331062;0.0526848235007188;-5085;59089.927
0.0016821888558708;0.0525201200791169;-5050;59109.559
0.00185922371169941;0.0551013929452234;-4811;58743.363
0.00171844452417174;0.0524274159860253;-5124;59110.902
0.00173650416830627;0.052631848040189;-5065;59092.937
0.00168851423839988;0.051523000902524;-5218;59191.458
0.00186489538911505;0.0549514363995985;-4768;58669.796
0.00163192804026264;0.0512671737352463;-5309;59242.939
0.00183605821312043;0.054808064456448;-4561;58655.75
0.00164535684801226;0.0519497019020405;-5392;59188.078
0.00168960153849158;0.0515344439492805;-5457;59196.39
0.00186197360581962;0.0549224239126054;-4564.6;58565.627
0.0016560042382316;0.0521247921231681;-5441;59168.043
0.00181505066810855;0.0540246681920769;-4943;58910.466
0.00183085780683361;0.0546626573413536;-4863;58825.2
0.00181786098449003;0.054323916013968;-4684.3;58767.451
0.00166492043672067;0.0523418521051947;-5234;59146.814
0.00174889669554118;0.0530412586225051;-5099;59045.599
0.00185781989335705;0.0551257448972208;-4747;58738.319
0.00179534229140042;0.053920114681019;-4803;58929.998
0.00185947345707922;0.0551300087112649;-4507;58507.605
0.00173868473364744;0.0527121988033463;-5166;59086.134
0.00185434565236683;0.0550508417639776;-4780;58776.189
0.00186168764672397;0.0548953035011839;-4842;58766.258
0.00178648717009425;0.0534078490719761;-4896;58977.936
0.00165740231099183;0.0521365348066333;-5264;59162.864
0.00165354763048118;0.0520626501391533;-5411;59173.715
0.00165013184186286;0.0516857904018301;-5154;59186.972
0.00170128580793259;0.0531471221175579;-5283;59052.493
0.00169715959885487;0.05278714283358;-5078;59074.201
0.0016602675872059;0.0520961614537835;-5207;59143.655
0.0018180106170404;0.054322057223115;-4802;58872.558
0.00174551145833557;0.0531415213429234;-4954;59036.559
0.00171537037275657;0.0521371621027474;-5185;59126.463
0.0018149404463557;0.0540269858192018;-5008;58907.54
0.001780278708159;0.0535225379034543;-5089;58959.834
0.00178628202743304;0.0537946179960058;-4957;58937.574
0.0016516662870446;0.0520385415552118;-5411;59176.355
0.00173707302331062;0.0526847948128482;-5119;59091.671
0.00171428715260927;0.0531486806072059;-4953;59033.802
0.0017293741854365;0.052682239970968;-4987;59058.142
0.00177181539979193;0.0535100240298049;-4935;58978.943
0.00185134412498282;0.0549890585687332;-4618;58684.019
0.00163019746656916;0.0512097658258816;-5312;59246.008
0.00174180772127299;0.0526692789983511;-5033;59045.777
0.00165024027128176;0.0520250190230582;-5304;59166.942
0.0017984970109786;0.0539953549370462;-4631.2;58780.777
0.00186485570607295;0.054954067751132;-4768;58669.772
0.00186501036170079;0.0549482761396008;-4850;58768.631
0.0018561442337026;0.0551498807192409;-4564.9;58609.75
0.0016517616966923;0.0519726309308503;-5348;59173.34
0.00185741175755101;0.0550923888969058;-4520.9;58534.231
0.00169840772965734;0.0531111381180578;-5124;59046.372
0.00183352132913855;0.0545854494416788;-4674.4;58762.576
0.0018073815469298;0.0542166934831626;-4756;58875.202
0.00185618264658537;0.0551464328528969;-4706;58674.441
0.00181562846426947;0.0544775740145546;-4800;58852.798
0.0018596261483105;0.0551287445941989;-4558.6;58524.248
0.00185468678642875;0.0550355846862754;-4745;58779.593
0.00185855049515786;0.0547692252523181;-4905;58791.398
0.00185283314236368;0.0550307778645156;-4781;58785.808
0.00162881828412994;0.0513298566222799;-5302;59233.888
0.0017978729342229;0.05382767198448;-4911;58929.026
0.00185439962497999;0.0551216896864941;-4623.5;58652.298
0.00181770075825411;0.0542468244135698;-4881;58873.425
0.00168213250785575;0.0526354239161679;-5022;59079.912
0.00185424765350533;0.0551238915082243;-4551;58607.626
0.00168529300095512;0.0514470766733736;-5420;59206.116
0.00165442217577945;0.0521008687502043;-5389;59173.633
0.00178264055734808;0.0537455938871469;-4960;58945.878
0.0017131428975902;0.0530924081846413;-4977;59037.027
0.0017777887347025;0.0536541272877644;-4929;58960.3
0.00169684572195136;0.0530646426269518;-5155;59054.808
0.00169087350108206;0.0515941842823348;-5117;59172.412
0.00169306949234204;0.0516364198530453;-5367;59185.715
0.00165740231099183;0.0521362806046996;-5275;59162.952
0.00170423856192192;0.051882726041907;-5289;59155.472
0.00186071265771739;0.054915125791064;-4705;58651.845
0.00169840772965734;0.0531103939756915;-5229;59051.08
0.00181359760632049;0.0544255688251339;-4828;58860.219
0.00167138696973001;0.0525467242525008;-5461;59122.035
0.00182997914859658;0.0545128921093702;-4820;58839.977
0.00170189296321766;0.0528075470065839;-5137;59077.759
0.00186501036170079;0.0549509249301727;-4795;58692.317
0.00185950292656805;0.0551238414132473;-4614.1;58589.05
0.00167341632233368;0.0525856343903217;-5325;59120.008
0.00186387020505449;0.0549184053480558;-4850;58771.627
0.0018596261483105;0.0551224276619614;-4793;58734.854
0.00167771047489793;0.0526667797769198;-5363;59105.517
0.00185653925655914;0.0550951175997058;-4567.7;58646.678
0.00183139202824242;0.0545571969803375;-4739;58839.728
0.00167005533216902;0.0522952487119589;-5040;59122.767
0.00175281946297951;0.053070545139255;-4903;58998.276
0.00185839361235838;0.0551223744916079;-4485.2;58467.458
0.00170461797685948;0.053228764790601;-5165;59044.548
0.00175149055231848;0.0531593304560675;-5095;59031.097
0.00165442217577945;0.0521012079881007;-5393;59173.406
0.00168801964568143;0.0528721735226392;-5206;59085.319
0.00163869402001452;0.0515659214026175;-5282;59207.529
0.00183142920055861;0.054552767221101;-4768;58830.05
0.00185622275011104;0.0550529473432914;-4548.1;58594.09
0.00180745339832622;0.0541239870337244;-4520.6;58629.726
0.00181245748058712;0.0544327579753678;-4833;58853.593
0.00179360624558081;0.0539509960570129;-4648.4;58809.645
0.00165043365415022;0.051637411375717;-5210;59193.983
0.00181106215426572;0.0544275484065817;-4934;58868.307
0.00177693403845654;0.0535688788907003;-4854;58959.141
0.00186485570607295;0.0549567500210921;-4583.6;58514.356
0.00164981536861667;0.0516509567483627;-5159;59193.11
0.00185629662079033;0.0551482975005922;-4617.5;58639.538
0.00171622060342236;0.0531454809521634;-5032;59027.054
0.00186485570607295;0.0549543891087211;-4723;58620.544
0.00171129580450386;0.0520444758653927;-5230;59132.375
0.00185424765350533;0.0551210988785456;-4676.9;58731.258
0.00172563627361536;0.0523560709425317;-5124;59101.984
0.00169917201021198;0.0530587979531092;-5293;59060.106
0.00182886628021752;0.0545111517627939;-4738;58832.112
0.00182937217591201;0.0544863861807868;-4769;58849.957
0.00177906710035899;0.0534963694402119;-5058;58962.462
0.00186387020505449;0.0549179720964387;-4854;58772.585
0.00171423831525848;0.0522412817497726;-5277;59113.441
0.00176786608354074;0.0534784307881174;-4888;58984.744
0.0018547726258725;0.0550497015190657;-4525;58572.94
0.00178198477786123;0.0534641621420114;-4688.5;58856.901
0.00167496066908869;0.0526208798809731;-5355;59109.366
0.00178179924676996;0.0535308968035898;-5090;58953.433
0.00185618577247814;0.055088169040383;-4568.4;58648.538
0.00186501036170079;0.0549488961686906;-4856;58767.895
0.0016263536773345;0.051137744081891;-5310;59253.028
0.00185594082219711;0.0551434995801981;-4550.5;58602.507
0.00167769606674321;0.052696968494788;-5459;59101.623
0.00185429489699187;0.055122664981882;-4513;58562.953
0.00185669165928265;0.0550939314003446;-4644.4;58672.249
0.00179748368471901;0.0538136090516634;-4914;58929.716
0.00166387926849064;0.0522679844252046;-5378;59147.826
0.00165194763213874;0.0519829721545694;-5389;59178.302
0.00165753348565386;0.0521806294917137;-5384;59160.162
0.00164994186313215;0.0516509676036853;-5189;59195.145
0.00185669165928265;0.0550910538493219;-4759;58763.298
0.0017110079434436;0.0520431974780216;-5108;59128.552
0.00175162028858541;0.0529262066511115;-5074;59051.085
0.00170021098544402;0.0517990190776852;-5066;59141.215
0.00169854545729294;0.0518416689882126;-5003;59135.208
0.00167695599431536;0.0523892869191623;-4959;59093.367
0.00183324415369823;0.0543658191358237;-4902;58837.385
0.00165442217577945;0.0521013530363107;-5395;59173.191
0.00168122448762196;0.051353189779756;-5272;59211.779
