0.00185947345707922;0.0567967213804272;-4372.6;55957.952
0.001858723213527;0.0567996803883493;-4555;55929.214
0.00185895210977211;0.0567853343498094;-4226.5;55876.02
0.00185910479844755;0.056784703220298;-4226.3;55876.02
0.00185916955628795;0.0567937610602074;-4255.5;55926.43
0.00185947345707922;0.0567967213804272;-4372.7;55958.879
0.00185891306392336;0.0567956115064176;-4298.1;55930.832
0.00185843632072292;0.0568033198047699;-4268.7;55898.465
0.00185891306392336;0.0567961123090356;-4309.9;55934.737
0.00185899047506131;0.0567827380581028;-4226.2;55876.02
0.00185910479844755;0.056784703220298;-4226.6;55876.135
0.00185790609204185;0.0567993655019383;-4268.2;55893.159
0.00185947345707922;0.056795965320548;-4338.1;55966.172
0.00185856137518311;0.0568040041926284;-4350.1;55970.278
0.00185895210977211;0.0567850320393677;-4235.4;55901.565
0.0018596261483105;0.0567977054678369;-4348.1;55938.927
0.00185840832962365;0.0567980167649585;-4536;56037.128
0.00185950085608981;0.0567973924163034;-4321.8;55922.589
0.00185840832962365;0.0567967653009272;-4531;56045.41
0.00185895210977211;0.0567853343498094;-4228.5;55877.681
0.00185949850524538;0.05679236881455;-4298;55928.624
0.00185858668056151;0.0567994469196156;-4272.9;55919.934
0.00185858668056151;0.0567977974780438;-4348.3;55952.682
0.00185950085608981;0.0567973924163034;-4337.9;55939.404
0.00185858668056151;0.0568019250976415;-4342.4;55896.712
0.00185790609204185;0.0567993567343195;-4336.8;55966.466
0.00185938647291736;0.0567954271849333;-4321.7;55922.589
0.00185949850524538;0.0567911232991487;-4271.7;55886.887
0.00185949850524538;0.0567918470294785;-4299.6;55943.056
0.00185741687892725;0.0567909736132656;-4226.2;55883.109
0.00185803369084503;0.0568045410679503;-4335.7;55964.307
0.00185949850524538;0.0567907129527343;-4307.2;55961.785
0.00185858668056151;0.0567932276418728;-4489;56069.941
0.00185674934451229;0.0567742169986351;-4322.9;55992.619
0.00185858668056151;0.0567960403462808;-4511;56058.65
0.0018596261483105;0.0567933316704364;-4561;56063.685
0.00185949850524538;0.056787484061986;-4262.3;55934.048
0.00185949850524538;0.0567885616820074;-4519;56073.433
0.00186104537176979;0.0566899597386947;-4359.4;55976.169
0.0018596261483105;0.0567958908176758;-4338.7;55959.02
0.00185587293616254;0.0567060254259663;-4261.9;55940.761
0.00186104537176979;0.0566899599024231;-4358.3;55975.777
0.00185949850524538;0.0567891558653271;-4562;56071.255
0.00185949850524538;0.0567910050741139;-4327.3;55956.403
0.00182204029388556;0.056164065089215;-4450;56148.214
0.00181960564347835;0.0560941159418826;-4360.6;56096.488
0.00185947114138482;0.0567914405335681;-4435;56023.987
0.00185803369084503;0.0568044596969166;-4316.7;55950.782
0.0018596261483105;0.0567939499910149;-4382.3;55966.984
0.00185962389613172;0.0567953618087631;-4295.1;55920.137
0.00185949850524538;0.0567917694258695;-4313.1;55946.051
0.00185947114138482;0.0567927040598742;-4559;56074.677
0.00185962389613172;0.0567936979398449;-4339.4;55967.136
0.00185749011458962;0.0567593561541895;-4349.7;56008.914
0.00185950085608981;0.0567948857921441;-4447;55998.804
0.0018596261483105;0.056794469866841;-4501;56046.687
0.00185949850524538;0.0567920087012461;-4307.9;55933.003
0.00182051439680733;0.0561459074041045;-4444;56143.314
0.00185713606892009;0.0567519597020299;-4368.3;56028.448
0.0017878462180094;0.0564181977682043;-4287.1;56001.866
0.00186104537176979;0.056688154952604;-4392;55999.593
0.00182873653181124;0.0561994930333377;-4265.5;55991.429
0.00185949850524538;0.0567877794140917;-4290.3;55919.358
0.00185949850524538;0.0567904933474828;-4465;56039.821
0.00183257131284613;0.0565158200641803;-4335.8;56026.29
0.0018578785479871;0.0568067598837432;-4314.6;55927.367
0.00182063659232374;0.0561493752574896;-4407.1;56139.271
0.00182033859379337;0.0561401721365938;-4459;56169.217
0.00185947114138482;0.056791458637551;-4504;56076.983
0.00182167199461423;0.0561005294459348;-4385.9;56106.534
0.00185947114138482;0.0567961183616939;-4326.7;55973.652
0.00186134372637319;0.0566965655234716;-4314.3;55949.295
0.00185710873841372;0.0567530928934818;-4483;56119.783
0.0018580311503805;0.0567959085382812;-4607;56128.636
0.0018580311503805;0.056798342268948;-4395.4;56020.463
0.00186104537176979;0.0566865197332623;-4399.2;56015.05
0.00185863050553208;0.0567897170450839;-4464;56079.329
0.00178766821344829;0.0564143486796082;-4337;56043.313
0.00183797599725963;0.056557839982674;-4276.8;55974.086
0.00185932012764301;0.0567860081480657;-4514;56083.221
0.00185879047358312;0.05668855835892;-4490;56098.871
0.00182196938463105;0.0561015388187873;-4454;56150.84
0.00184606527839575;0.056557657339653;-4321.1;56011.355
0.00185772781726926;0.0567904940128414;-4497;56128.448
0.0018589337861819;0.0567931744904867;-4455;56072.745
0.00185863050553208;0.0567873390067569;-4468;56086.582
0.00185863050553208;0.0567899374492977;-4465;56078.699
0.00181289611425162;0.0559240682103718;-4357.7;56103.333
0.001782324934979;0.0561464026987961;-4326.1;56058.235
0.00185772781726926;0.0567904972470285;-4497;56127.545
0.00185880887733208;0.0567871614636728;-4528;56103.401
0.00185646809038315;0.0567512744410688;-4373.2;56040.383
0.00185932012764301;0.0567874279445496;-4323.9;55992.861
0.0018580311503805;0.0568027072439519;-4330.4;55958.769
0.00181653034817319;0.0560198256501414;-4426;56147.823
0.00181853996955281;0.0560645830530528;-4389;56122.998
0.00185947114138482;0.0567901211402005;-4593;56083.528
0.00183463065781521;0.0565539711575896;-4274.8;55984.856
0.0018580311503805;0.0568007691864775;-4277.5;55928.299
0.00185947114138482;0.0567950712342652;-4295.4;55958.466
0.00185835851336063;0.0567861760138545;-4303;55973.295
0.00185962389613172;0.0567972760057179;-4229.9;55882.281
0.00182033859379337;0.0561430422246;-4448;56158.993
0.00185962389613172;0.0567896736884942;-4472;56008.234
0.0018578785479871;0.0568067598837432;-4314.7;55931.074
0.00181839055628557;0.0560707833708708;-4269.2;56021.015
0.00185593254275146;0.0567573753019706;-4229.9;55888.664
0.00185763491995177;0.0567788810484667;-4457;56074.291
0.00185728794762883;0.0567512757843502;-4327.3;56000.623
0.00185568767631567;0.056687262189926;-4295.5;55971.127
0.00185759654177911;0.0567819048994157;-4446;56080.264
0.00185803369084503;0.0568047985078469;-4331.8;55941.916
0.00185864611157952;0.0566974731814375;-4261.6;55949.802
0.00182068253329141;0.0561568309880793;-4271.8;56017.708
0.00186122917417152;0.0566912090770583;-4433.6;56008.227
0.00186104537176979;0.0566839934409994;-4470.2;56015.52
0.00185950292656805;0.0567944516916279;-4343.5;55980.296
0.00185947114138482;0.05678888212964;-4565;56114.866
0.00185772781726926;0.0567971617536133;-4283.4;55969.137
0.00185947114138482;0.0567929901575509;-4453;56073.55
0.00185803369084503;0.0568014249795864;-4381.4;56016.191
0.00185782734316587;0.0567989139420769;-4247.5;55879.619
0.00185362537788917;0.056683196471445;-4226.1;55894.67
0.00181117746723554;0.0558080429922582;-4460;56206.599
0.00185947114138482;0.0567960249652483;-4437;56044.566
0.00184898593381043;0.0566083271238245;-4226.2;55905.998
0.00185947114138482;0.0567933733008926;-4450;56059.96
0.0018580681269084;0.0567389004677339;-4324.4;56001.654
0.00185878153118672;0.0567903665773894;-4548;56126.989
0.00184946784508559;0.0566169988321115;-4350.7;56042.714
0.00183688169143664;0.0563868049868627;-4439.7;56140.14
0.00185882890022901;0.0567920917401232;-4488;56093.951
0.00185850956651468;0.0567925463211613;-4361.7;55995.627
0.00185118767929981;0.0566851637309679;-4226.3;55894.67
0.0018580311503805;0.0568052445861289;-4320.4;55945.575
0.00178854745170505;0.0562496212008863;-4475;56158.717
0.00185554708530605;0.0567440743284152;-4441;56085.059
0.00184921950291336;0.0566397096144017;-4353.1;56063.143
0.00185175272048055;0.0566806106416347;-4228.7;55910.936
0.00180713729409484;0.0557976688704671;-4230.1;56009.747
0.00185741783797107;0.0567914400480008;-4283.5;55970.263
0.00185559812228107;0.0567513183242837;-4447;56086.038
0.0018109728115188;0.0558483830767222;-4258.3;56006.905
0.00186134372637319;0.056696227501137;-4316.3;55950.354
0.00166755255395407;0.0537872289019913;-5016;56525.877
0.00184491968866403;0.0565560804625414;-4241.3;55930.226
0.00185864611157952;0.0566968047769313;-4316.9;55965.001
0.00185554708530605;0.0567440743284152;-4440;56085.003
0.00184406472114698;0.0565170215317349;-4231;55927.272
0.0016675504747641;0.0537888205141064;-4885;56512.512
0.00181128823884205;0.0558534773402464;-4425;56147.152
0.00185947114138482;0.0567911816276946;-4403.8;56042.24
0.00180924355124238;0.0566546612170287;-4292.1;55985.505
0.00186134372637319;0.0566965656872237;-4312.2;55948.89
0.00186104537176979;0.0566946005691479;-4241;55887.799
0.00180969583398468;0.0558153552489697;-4346.2;56096.608
0.00181396781808297;0.0559803629870561;-4399.7;56131.866
0.00186134372637319;0.0566928980470073;-4360.3;55966.276
0.00165126941443315;0.0532767668339665;-4894;56562.723
0.00165771489812252;0.0534307946178091;-4925;56545.46
0.00167173854607904;0.0537251240045422;-4897;56514.478
0.00180640806498793;0.0566010766168294;-4295.3;55991.139
0.00185852227425819;0.0566900525319966;-4463;56091.624
0.00185947114138482;0.0567951488384391;-4284.8;55955.852
0.00182404937644942;0.0561063659497798;-4396.4;56129.15
0.00176509860708648;0.0548010574684237;-4651;56364.341
0.00185934795580962;0.056793183710305;-4287.2;55957.21
0.00186104537176979;0.056691123978719;-4273;55952.454
0.00184092001322166;0.056340980949591;-4484;56155.305
0.00181265456890962;0.055888118126213;-4428.6;56159.889
0.00166649203207797;0.0535038853836532;-4903;56542.703
0.0018580111143833;0.0566833754932359;-4227.6;55878.4
0.00166755255395407;0.0537873497097468;-5018;56525.376
0.00184764933913509;0.0566273747644425;-4251.7;55942.453
0.00166097093928411;0.0536024352658474;-4893;56539.17
0.00185864611157952;0.0566945512478846;-4363.4;56003.624
0.00184080372819511;0.0566050973480396;-4295.4;55991.179
0.00165676196729643;0.0531428595317355;-4917;56558.944
0.00177253928381425;0.0549553689620698;-4584;56359.027
0.00184486178365159;0.0565699684184207;-4251.7;55945.725
0.00186104537176979;0.0566879597479521;-4373.5;55992.124
0.00184233245418211;0.056541249186318;-4243.4;55936.101
0.00185410823060022;0.0566998029841952;-4224.9;55894.669
0.00166636396230781;0.0538498834742904;-4878;56511.463
0.00169922706624394;0.0541961227413302;-4807;56458.788
0.00185559996077109;0.0566366179921889;-4271.9;55957.128
0.00185373324644724;0.0565790880627713;-4278;55969.798
0.0018578785479871;0.0568027845733523;-4380.4;56007.049
0.00185947114138482;0.0567943425768475;-4373;56012.288
0.00185201095342933;0.0566293586892866;-4241.4;55934.448
0.00182500933881187;0.0561564908162533;-4358.8;56093.431
0.00163126843000854;0.052980665612524;-5075;56601.016
0.0018578785479871;0.0568067598837432;-4317.3;55931.099
0.00165697601754764;0.0534540465475228;-4810;56537.209
0.00166913713590066;0.0538625309128916;-4818;56511.021
0.00185650336913964;0.0567685504492125;-4545;56152.852
0.00184412104677045;0.0565585245892701;-4321.6;56013.508
0.0018578785479871;0.0568028624679741;-4394.8;56001.922
0.00166755255395407;0.0537873543913857;-5017;56524.423
0.00165884345938566;0.0531592686836124;-4927;56554.5
0.00178769620911367;0.0561486378056297;-4384.5;56115.724
0.00181942512346162;0.0559128077155051;-4271.1;55998.214
0.00178318184372287;0.0560855858582776;-4434.4;56162.483
0.00167453903031449;0.0536636117638627;-4851;56510.308
0.00185554739464425;0.056655068912264;-4266.9;55966.883
0.0017154824297088;0.0550224000759997;-4768;56388.376
0.00175941410173761;0.0546307590502133;-4887;56405.415
0.00186092155682063;0.0566848181854746;-4476;56016.761
0.00185410823060022;0.0566998029841952;-4238;55903.97
0.00181942512346162;0.0559062990275069;-4369.6;56098.948
0.0018578785479871;0.056802832619979;-4339.7;55974.613
0.0018115587292194;0.0558895491784159;-4460.8;56183.705
0.00186104537176979;0.0566909517772418;-4340.3;55959.316
0.00184791610564116;0.0565979964175856;-4227.8;55907.543
0.00177997929644962;0.056095520202118;-4384.3;56111.477
0.00185772781726926;0.0567921860422477;-4531;56146.066
0.00185064862636281;0.0565363333003229;-4281.4;55980.242
0.00164437622114283;0.0531444070312963;-5039;56591.077
0.00185864611157952;0.056697732618466;-4266.9;55956.572
0.00180919816663612;0.0556871819679458;-4296.9;56034.915
0.00181482249397277;0.0559388030406798;-4455.8;56173.631
0.00181942512346162;0.0559062990275069;-4373.9;56099.618
0.00185432721706847;0.0566251702964063;-4266.8;55966.475
0.00185554739464425;0.056655068912264;-4269.7;55969.124
0.0018578785479871;0.0567988804886664;-4519;56145.337
0.00181470962250648;0.0559394015691006;-4454.1;56170.647
0.00181588067251495;0.0558281253832594;-4305.8;56037.775
0.00183896118298017;0.0565388280274837;-4254.7;55953.761
0.00184828438070331;0.0566126360512762;-4228.7;55912.073
0.00167867406542164;0.0540531135481275;-4842;56485.365
0.00166985024283643;0.0534977331204319;-5085;56533.286
0.0018524724616161;0.0565793334139343;-4272.7;55973.56
0.00171462961245204;0.0549846079501316;-4764;56387.24
0.0016898020624948;0.054498195530241;-4741;56437.572
0.00184828438070331;0.0566121740012733;-4245.1;55943.663
0.00163354005907421;0.0528049957178819;-5154;56614.067
0.00171545441412729;0.0550264183986066;-4730;56386.601
0.00177997929644962;0.0560918867172475;-4454;56168.998
0.00181942512346162;0.0559101174178108;-4299;56025.716
0.00178923210984484;0.0561114340099661;-4260.7;55960.69
0.00185064587266114;0.0567263625828363;-4502;56138.499
0.0017544705526155;0.0545054874811735;-4725;56421.843
0.0016953969531742;0.0544236822037748;-4899;56454.986
0.00177896147932416;0.0559264291960336;-4381.6;56127.125
0.00171170662218072;0.0549411134923686;-4763;56398.678
0.00175641630115071;0.054549331945467;-4717;56414.178
0.00163180091952052;0.0527626686823269;-5096;56619.324
0.00183799371358123;0.0564365239053059;-4344.2;56032.425
0.00163180091952052;0.0527625288291014;-5099;56626.599
0.00168756244097112;0.0545062646867465;-4857;56446.238
0.0018578785479871;0.0568047214835445;-4385.4;56001.754
0.00175875258575235;0.0548093971067329;-4641;56386.586
0.00186134372637319;0.0566962276648891;-4317;55952.233
0.0017563833564479;0.0545414362092141;-4510;56313.65
0.00184968824354169;0.0566687192394392;-4497;56148.415
0.00185705878603788;0.0566523860109122;-4228;55891.853
0.00177790640310449;0.0550031069568252;-4664;56363.742
0.00174983466794897;0.0543347257906825;-4825;56452.195
0.00176027012555468;0.0545999424286227;-4623;56380.126
0.00175610802850793;0.0545361175103486;-4724;56417.896
0.00163213504779406;0.0527367311211367;-5186;56622.457
0.00178387947615145;0.056082882501311;-4446;56164.636
0.00175243518046732;0.0543846890647932;-4825;56443.744
0.0017563833564479;0.0545394349564891;-4538;56331.148
0.00177394486510552;0.0549879447976274;-4669;56365.275
0.00164914364089432;0.0533947811517431;-5029;56559.726
0.00181669427469789;0.055826810706142;-4329.4;56058.856
0.00165073485554193;0.0534226302581692;-5026;56555.882
0.00178402513038348;0.0560867632971594;-4301.6;56037.623
0.00182502448697307;0.056183649433666;-4462;56178.749
0.00185304677117454;0.0567192479556072;-4513;56137.197
0.00174522639913052;0.0542439538686369;-4844;56457.689
0.00177219856326426;0.0548970781704462;-4507;56294.473
0.00175347796680141;0.054495314874654;-4650;56422.885
0.00166824729493847;0.0540028240493677;-4974;56508.415
0.00177892938612706;0.0560695360591789;-4395.2;56141.33
0.0018578785479871;0.0568069054513717;-4310.3;55923.622
0.00176546645994851;0.054714883532246;-4646;56404.102
0.00167634950263128;0.0536348560304552;-4924;56522.817
0.00178387947615145;0.0560866825434478;-4250.5;56021.768
0.00186500799650703;0.0566226066406432;-4319;55946.481
0.00165274018960878;0.0534799037309353;-4886;56550.244
0.00186104537176979;0.0566834796442446;-4545;56119.25
0.00182713693624216;0.0558648777080543;-4561;56261.067
0.00180357208926049;0.0557911743340686;-4554;56287.901
0.00180139639357555;0.0554815045406446;-4578;56316.437
0.00186485324941092;0.0566200855326393;-4334.8;55973.582
0.00177806656759784;0.0550148415675446;-4624;56363.113
0.00181655306976921;0.0558209391700627;-4426;56153.313
0.00179630505250517;0.0555146061407454;-4588;56309.21
0.00181860486267134;0.0560391402740228;-4435.8;56163.206
0.00185828180541644;0.0566807596356492;-4368.3;56004.906
0.00165274018960878;0.0534773923692719;-4871;56541.35
0.00167634950263128;0.0536348678142887;-4925;56522.605
0.0018580311503805;0.0568057455872357;-4315.2;55940.365
0.00173803277352919;0.0539787947475876;-4850;56472.717
0.0018578785479871;0.0568069054513717;-4310.3;55923.622
0.00165177408161256;0.0534363662033201;-5030;56552.547
0.00184158153406838;0.056508276207592;-4576;56208.758
0.00185772781726926;0.0567967247552354;-4348.9;55990.108
0.00185864611157952;0.0566981375669913;-4305;55961.163
0.0016378683293673;0.052893529006381;-5060;56602.312
0.00180875977463933;0.0559212272293338;-4509;56255.487
0.00185554739464425;0.0566566729281309;-4228.8;55888.803
0.00168107002566755;0.0541622019464376;-4853;56490.319
0.00165188961512201;0.0534420684633984;-4892;56552.336
0.0018578785479871;0.0567940678319609;-4653;56163.103
0.00178387947615145;0.0560852489107046;-4381;56111.088
0.00180123699441896;0.0554744252163566;-4587;56317.836
0.00170090470261314;0.0543797422732871;-4961;56452.773
0.00180912070199761;0.0558062339985445;-4568;56287.628
0.00185864611157952;0.056692090412005;-4403.2;56014.669
0.0016689028110445;0.0536561381057296;-4951;56526.94
0.00186500799650703;0.0566226066406432;-4319.1;55946.665
0.00165445788545005;0.0533346648609106;-5007;56563.314
0.00178357431357115;0.0560830654603353;-4246.6;55951.159
0.00180616415092649;0.0559167382236301;-4493;56232.325
0.00179680899109613;0.0554072744198744;-4572;56323.907
0.00165241003128709;0.0534694626068243;-5138;56559.577
0.00185864611157952;0.0566943582362265;-4334.5;55998.705
0.00185410823060022;0.0566998029841952;-4228.4;55901.594
0.0018578785479871;0.0568005398862217;-4394.8;56059.013
0.00165472095010738;0.053312875397007;-5167;56581.48
0.00185160774880958;0.0567054692833376;-4420.1;56073.703
0.00167065404855211;0.0539543684076782;-5137;56515.504
0.00186485324941092;0.0566199402766057;-4363.6;55984.242
0.00178372406295241;0.0560824727846474;-4246.4;55951.159
0.00180962913118917;0.0559643034578705;-4507;56252.813
0.00185160774880958;0.0567044348556318;-4371.8;56068.433
0.00186485570607295;0.0566224785337754;-4578;56119.757
0.00165637111145253;0.0536045667602769;-4986;56542.588
0.00166614014652204;0.0536064993699121;-4885;56529.778
0.00185614201047501;0.05666305314131;-4237.3;55906.141
0.0016545661509898;0.0534012078184093;-5065;56559.288
0.0016580835289591;0.0536503842532092;-4980;56536.474
0.0018578785479871;0.0568017716116391;-4501;56130.236
0.00163740868478098;0.0527880561363975;-5096;56618.586
0.0018580311503805;0.0568052231682998;-4316.7;55955.634
0.0018578785479871;0.0568024484261553;-4376.9;56041.545
0.00185863921792955;0.0566982935883161;-4389.5;56036.171
0.00164414907480907;0.0528689279071155;-5036;56602.295
0.00173945466501096;0.054150841046338;-5011;56462.996
0.00180912070199761;0.0558115294678455;-4280;56035.015
0.00163425230320992;0.0527083822783034;-5098;56627.85
0.00186045825537553;0.0566879092486108;-4408.2;56012.199
0.00185788082721366;0.0568010507380265;-4582;56154.522
0.0016580835289591;0.0536503724305203;-4949;56532.513
0.00180616415092649;0.0559167382236301;-4492;56232.284
0.00164413294391344;0.0528697037593025;-5302;56608.757
0.0018047541888771;0.0555257337613401;-4682;56301.585
0.00171808210591981;0.054579229955983;-4807;56412.455
0.00164730076286504;0.0535725478282743;-4963;56546.258
0.00180906931821585;0.0558026283066664;-4423;56180.697
0.00163800309437601;0.0527975779175753;-5082;56616.439
0.00180896090253745;0.0558030284799964;-4445.3;56186.537
0.00167993888690449;0.0536858437696318;-4985;56520.063
0.00180912070199761;0.055809810994067;-4401.5;56163.939
0.00180029398712683;0.0555316945628004;-4458;56240.839
0.00180280679130656;0.0555021255807183;-4642;56308.983
0.00186045825537553;0.0566877818702057;-4594;56154.738
0.00181132015123664;0.0559390279417635;-4576;56283.723
0.00180881215495691;0.0558042489505072;-4384.1;56155.55
0.0017405083896032;0.0545357797979681;-4889;56419.392
0.00171808210591981;0.054579229955983;-4805;56411.36
0.0017905025511721;0.0551088900861668;-4764;56344.954
0.001825351012351;0.0559597022700667;-4404.5;56116.085
0.0018072666880825;0.0557776663927612;-4324.1;56074.517
0.00178906010958339;0.0561632087031039;-4394.9;56138.906
0.00164413294391344;0.0528698282449351;-5304;56608.547
0.00185996627025201;0.0566767639226998;-4513;56080.197
0.00175424866882987;0.0544401860183263;-4697;56419.58
0.00185775577820815;0.0568065661329328;-4345.1;55988.679
0.00182890490440528;0.0561167789991906;-4531;56214.954
0.00165901192547571;0.0534933897793016;-5030;56545.678
0.00185160774880958;0.0567046270987658;-4522;56145.796
0.00181395909279662;0.0557716464246232;-4299.6;56031.255
0.00180900849062654;0.0558042580804646;-4569;56287.707
0.00179923003819657;0.0554298920713166;-4548;56317.472
0.0018578785479871;0.0568055723290784;-4247.6;55922.121
0.00185485551586662;0.0565773543062567;-4230;55897.98
0.00180280353242182;0.0557489679621282;-4328.2;56082.413
0.00167907168038609;0.0536908048388769;-5085;56517.588
0.00180912070199761;0.0558124466964093;-4383.9;56109.367
0.0018485325308124;0.056663087445146;-4464;56128.203
0.0017950012128696;0.0553632560755407;-4591;56336.777
0.00163040374809882;0.0527658115959299;-5074;56614.085
0.00185680647947996;0.0567833674873441;-4232;55884.122
0.00182518484882689;0.0561098147584165;-4467;56194.322
0.00183627338409132;0.0563706501495843;-4394.5;56100.067
0.00186104537176979;0.0566878236446945;-4386.8;56001.612
0.00165538384354678;0.053570317064055;-5033;56547.766
0.00180926955738525;0.0558140008786811;-4327;56062.6
0.0018578785479871;0.0568069054513717;-4312.9;55923.671
0.00162793944090197;0.0526574112227946;-5331;56640.037
0.00175327221981231;0.0547189857187664;-4626;56391.588
0.00175351955451627;0.0547004109573415;-4672;56408.653
0.0018578785479871;0.0568051093520428;-4275.9;55961.707
0.00165359791026182;0.0535367606279943;-5161;56555.62
0.00183604943254362;0.0563687128139197;-4402.5;56104.705
0.00180508296548803;0.0557327821254318;-4490;56217.759
0.00182491267361829;0.0561027664192585;-4507;56248.328
0.00164451452677992;0.0528839829195798;-5301;56606.859
0.0018000239726258;0.0555206368214082;-4552;56305.382
0.00179807962309481;0.0557368045749971;-4546;56297.684
0.0017862624053171;0.0561154923855412;-4477;56184.309
0.0018578785479871;0.0568027845733523;-4380.9;56019.022
0.00169218994716292;0.0541499896696404;-4879;56481.365
0.0016589928393487;0.0536824424522865;-4970;56535.833
0.00175978114418817;0.054365695579555;-4752;56450.657
0.00171753498605136;0.0537343903150249;-4832;56506.125
0.00175327221981231;0.054719336829918;-4626;56390.819
0.0016580835289591;0.0536503724305203;-4977;56536.685
0.00180292060748763;0.0558293498425511;-4546;56286.457
0.00178622462230152;0.0560781071450235;-4479;56197.26
0.0017989586975419;0.0554203854920508;-4592;56321.256
0.0018115055532653;0.0558546357290597;-4559;56283.108
0.00177862855783018;0.0552237440694534;-4354.6;56139.031
0.00185108129238232;0.0566792223845487;-4248;55938.138
0.00162464378140284;0.0527935525512123;-5174;56623.67
0.00165854865468038;0.0533985458424982;-5020;56558.732
0.00182857729662472;0.0563025731597837;-4281.3;56025.463
0.00164335186444167;0.0531341724558402;-5079;56592.81
0.0018580311503805;0.0567975607661157;-4427;56057.572
0.00182767248838136;0.0559819644803869;-4512;56258.521
0.00164527221305736;0.0531933445151705;-5303;56594.639
0.00166660393622245;0.0536623503122814;-5122;56534.283
0.00166991540692412;0.053827380325235;-4939;56523.65
0.00183043425863796;0.0558499752441106;-4530;56253.465
0.00180788961695324;0.0560363583115023;-4306;56055.631
0.00178346966615857;0.0553900982134663;-4557;56336.154
0.00166929511786828;0.0534329439880603;-5088;56542.094
0.00173690532305451;0.0539793652586698;-4919;56471.793
0.00173731004970562;0.053962045766207;-4895;56489.379
0.00176473647610679;0.0551449839377814;-4635;56379.13
0.00179848757013899;0.0554252962543705;-4581;56323.584
0.00185659569510107;0.0567906506157715;-4328.3;55987.454
0.00175340329508968;0.0543101579898664;-4720;56447.19
0.00183587894869665;0.056306950870184;-4518;56208.29
0.00171718069938094;0.053720793676292;-4863;56512.085
0.00175978114418817;0.0543656707221155;-4718;56426.204
0.0018020730650571;0.0557873893856487;-4285.2;56082.739
0.00164527221305736;0.0531934714926694;-5256;56588.782
0.00182830187061374;0.056293419779151;-4287.8;56025.464
0.00179512203671574;0.0553713198039223;-4492;56253.404
0.0017946218197655;0.055554551233348;-4541;56310.044
0.00180296089414032;0.0557479159329963;-4373.4;56103.81
0.00186500799650703;0.0566226066406432;-4319.3;55946.669
0.00180029398712683;0.0555301460252243;-4440.6;56242.584
0.00185785286142812;0.0568012167969146;-4255.1;55929.404
0.0017995594129154;0.0554539418846693;-4581;56316.463
0.00184074603345653;0.0563951256060892;-4463;56143.133
0.00167469405930844;0.0537922059483677;-4899;56517.886
0.00170200549125039;0.0547176914839811;-4846;56432.577
0.00170377218249001;0.0548178434667285;-4963;56428.314
0.001829232764811;0.0562107451035234;-4276;56024.037
0.00185695575274405;0.0567931874887606;-4349.1;56028.424
0.0018485325308124;0.0566630876089006;-4462;56127.709
0.001829232764811;0.0562070950107835;-4328.4;56048.115
0.00180222158550133;0.0557828964310251;-4423.1;56195.973
0.00185410823060022;0.0566996575219442;-4228.4;55905.825
0.00169970490259346;0.0547117932214354;-4847;56434.366
0.0018020730650571;0.0557806066789308;-4404.6;56195.635
0.00179232911162198;0.0553199078351356;-4625;56343.802
0.00185785286142812;0.056793222052359;-4394.2;56072.738
0.00172996609405273;0.0537597847735563;-4913;56499.954
0.00186485324941092;0.0566232354350693;-4344.1;55960.764
0.0017285808592553;0.053962566018249;-4700;56451.846
0.00184074603345653;0.0563908374913688;-4498;56163.126
0.00165959638844532;0.0534445384585879;-5188;56559.773
0.00165381517045143;0.0534590301210414;-5217;56567.54
0.00172995622381309;0.0537585038615564;-4915;56508.1
0.00164437307289852;0.0531613206280362;-5312;56595.6
0.00186485324941092;0.0566196486073439;-4354.6;56001.642
0.00179307078812961;0.0553244958941781;-4647;56340.974
0.00181145809415169;0.0557343030815857;-4428.2;56186.212
0.00180915451912212;0.055683453560333;-4599;56291.16
0.00175351739205478;0.0547002974051964;-4617;56394.582
0.00185552106405187;0.0567828088060393;-4421.7;56092.421
0.00170524287295914;0.0547920519289832;-4839;56425.013
0.00183024410044112;0.0562266244870393;-4463;56160.365
0.00181145809415169;0.0557294725056859;-4451;56234.587
0.00163054003237597;0.0527061300993236;-5300;56636.61
0.00182583779997556;0.0559360168627274;-4517;56264.372
0.00179795333119661;0.0553720374723964;-4581;56327.99
0.00171718197255305;0.0549081936656938;-4887;56410.806
0.00184075007298968;0.056394824523339;-4501;56175.341
0.00166652965494807;0.0533794501161524;-5023;56544.055
0.00180269148144579;0.0557370213382151;-4478;56223.722
0.0018578785479871;0.0567977180984314;-4390.5;56069.295
0.00164526997389561;0.0531925226511702;-5091;56588.533
0.00186392619219452;0.0565722026920097;-4279;55957.448
0.00164437153398571;0.053157955992715;-5256;56589.21
0.00186485324941092;0.0566188270909;-4362.1;56005.73
0.00162541356307426;0.0528141758688544;-5171;56622.322
0.00164335186444167;0.0531341969866316;-5088;56597.302
0.00186500799650703;0.0566164242476628;-4349.9;56001.621
0.00180223673155989;0.0557214160368543;-4417.9;56216.672
0.00186237730219203;0.0565578795593917;-4530;56171.984
0.00172942693153282;0.0539904278351565;-4730;56479.112
0.00165472262823611;0.0534079182590263;-5189;56573.28
0.0018493305364551;0.0566723048804078;-4275.7;55973.317
0.0018296108491993;0.0560138913070005;-4511;56253.496
0.00180471973933983;0.0558273675387135;-4615;56290.053
0.0018285557881237;0.0562705477386201;-4502;56232.684
0.00180149329699423;0.0557066661073764;-4461.8;56240.76
0.00162464378140284;0.0527952083311912;-5034;56608.676
0.00173652111723031;0.0541245789862606;-4742;56453.156
0.00180280353242182;0.0557421347143732;-4445.3;56217.963
0.00178972399261718;0.0552785485336362;-4607;56348.557
0.00180280353242182;0.0557422394946537;-4602;56302.208
0.00183978221940121;0.0563673302595884;-4279.7;55984.189
0.00181145809415169;0.055728634663868;-4526;56280.407
0.00164453577437995;0.0528827497586342;-5064;56604.376
0.00164527221305736;0.0531938164925352;-5391;56586.49
0.00170524287295914;0.0547895290277866;-4896;56425.253
0.00184537711081664;0.0565086143371137;-4235.7;55928.891
0.00168216737429957;0.0539243214282473;-4852;56505.546
0.00186472467504196;0.0566126147121162;-4403.6;56064.57
0.00162609409359164;0.052881428868246;-5220;56619.234
0.00182736840226484;0.0560180130471436;-4496;56239.924
0.00186485570607295;0.0566204791334926;-4429.4;56015.485
0.00180280353242182;0.0557421347143732;-4480;56222.011
0.00177649457525085;0.0548235541093794;-4712;56373.083
0.00175423767799366;0.0543045486837758;-4728;56446.051
0.00178346966615857;0.0553994570720842;-4270.9;56048.641
0.00180027930715689;0.0557319438616565;-4285.3;56088.725
0.00175284980752045;0.0548936177846809;-4761;56410.23
0.00186485324941092;0.0566242903465455;-4251.1;55893.487
0.00185410823060022;0.056689317718888;-4505;56166.489
0.00182697538470318;0.0562248708964307;-4540;56237.72
0.00166851686983226;0.0536118187358451;-4882;56522.23
0.00175340329508968;0.0543113856494421;-4674;56433.519
0.00173197962641988;0.0540340925853156;-4812;56488.186
0.00185411942845364;0.0566956393772123;-4364;56029.112
0.00172587166840847;0.0539083754369085;-4727;56474.985
0.00185061207848004;0.0566759825745971;-4408.8;56093.627
0.00175528314621263;0.0543333982838353;-4709;56418.662
0.00185118598822055;0.0566695497295552;-4402.5;56103.549
0.00165525351745562;0.0534434133319971;-5175;56568.949
0.00163054183280054;0.0527053542527385;-5077;56636.003
0.00172087745540393;0.0550159128516974;-4885;56394.315
0.00175299711529144;0.0548937265034362;-4832;56408.859
0.00165554785751198;0.0534521760270798;-5139;56558.106
0.00173576482213144;0.0551841012985898;-4847;56365.654
0.00172995622381309;0.0537581674969255;-4915;56508.163
0.00175628069742125;0.0550019032513423;-4792;56404.203
0.00184874330431166;0.0566337025817515;-4341.7;56024.55
0.00184883727183694;0.0565584760429952;-4234.9;55919.941
0.00173384767329035;0.0540675745695156;-4742;56469.15
0.00166925123179283;0.0536199879400334;-4880;56520.906
0.00171832862620134;0.0549243176854709;-4733;56396.343
0.00162962985429949;0.0527118458116679;-5299;56633.151
0.00162529463249409;0.052860601876816;-5220;56625.772
0.00168180532398697;0.0528527083259112;-5066;56595.353
0.00164527221305736;0.0531936917580858;-5389;56586.713
0.00163341993961521;0.0530239394894936;-5170;56606.046
0.00183014234737595;0.0562468075204515;-4450.6;56145.109
0.00173175844492113;0.0540191578681311;-4811;56488.311
0.00166864482589803;0.0535848441265217;-5004;56537.609
0.00176485511737778;0.0551479159990528;-4641;56362.413
0.00178448671447288;0.0553627263805383;-4590;56346.777
0.00165527607084456;0.0534443212724011;-5393;56568.963
0.00182785854011938;0.0561471448584238;-4516;56244.839
0.00181016789584423;0.0556708008276604;-4526;56286.866
0.00186485324941092;0.0566196484435709;-4384;56013.743
0.00183002881662957;0.0562438941946447;-4545;56226.497
0.00183810347813785;0.0563196787892042;-4574;56216.283
0.00182736173642097;0.0557958060053322;-4593;56272.632
0.00163221993886936;0.0530145950201039;-5159;56609.29
0.00185133782820351;0.056671183236919;-4481;56147.502
0.00185854170364812;0.0567877345794989;-4398.2;56036.028
0.001829232764811;0.0562032873312458;-4407.5;56137.601
0.00175654076255561;0.0547770068299933;-4631;56406.818
0.00181016789584423;0.0556676735493841;-4581;56290.523
0.00165438857775229;0.0533929937111496;-5288;56577.213
0.00176515039872664;0.0551535405686811;-4673;56374.11
0.00180801913435821;0.0557691457403408;-4607;56291.67
0.00162432645645236;0.0529181909607856;-5191;56620.656
0.00163016299592373;0.052722393376725;-5321;56633.942
0.0018591773987599;0.0566383651672085;-4381.4;56040.441
0.00184620591014571;0.0566040115893731;-4413.1;56113.629
0.00172863802688077;0.0550142114466047;-4870;56383.94
0.00163504695757065;0.0530538246791151;-5133;56601.877
0.00183117779311016;0.0559415021943937;-4560;56257.066
0.00185133782820351;0.0566695026770233;-4394.2;56097.064
0.00186298138538925;0.056574583518026;-4356.3;56002.957
0.00164974267816999;0.0533634376975914;-5028;56558.98
0.00165212048655356;0.0530788241964613;-5296;56592.89
0.00180794498962927;0.0556258487565168;-4569;56299.605
0.00173196884324315;0.0540328732535658;-4713;56459.574
0.00175894875752803;0.0542355614742456;-4705;56442.783
0.00173142383861874;0.0540435374781531;-4766;56489.301
0.00183029277016733;0.0562441597799697;-4486;56209.875
0.00170443696012218;0.0547506218587439;-4950;56434.044
0.0017800483679769;0.0553149035277118;-4594;56357.091
0.00170693533082533;0.0548512361185013;-4894;56423.146
0.00180785910704024;0.0557618473963299;-4621;56293.431
0.00167163321611458;0.0533724667412763;-5040;56545.602
0.00165554993916401;0.0534505458732447;-5405;56564.837
0.00163130981045644;0.0527272914181596;-5356;56632.106
0.00185410823060022;0.0566895383107656;-4502;56159.88
0.00171838295798924;0.0537154286357444;-4921;56513.196
0.00182806300378565;0.0558610396416796;-4560;56265.154
0.0018591773987599;0.0566461836588211;-4240.1;55890.868
0.00176485511737778;0.0551481552501467;-4687;56380.285
0.00173191955935114;0.0540432819382946;-4742;56471.676
0.00172325193289307;0.0538679856274263;-4776;56501.359
0.00162793815885213;0.0526563281800087;-5118;56636.988
0.00185394518047708;0.0566819057621666;-4542;56182.871
0.00175989518741439;0.054464543399017;-4771;56438.366
0.00173492355119783;0.0540862443418118;-4828;56475.234
0.00185395104523465;0.0566824150803323;-4367.8;56064.869
0.00162529463249409;0.0528621687371348;-5218;56617.118
0.00167321093122362;0.053708106133733;-4956;56530.459
0.00175844050312479;0.0548322553911493;-4631;56403.231
0.00167163321611458;0.05337268205609;-5047;56533.554
0.0017047765056075;0.0547565324508521;-4949;56432.226
0.0017358290082286;0.0552003492985839;-4694;56364.891
0.00163504695757065;0.0530513588816863;-5156;56604.136
0.00178346966615857;0.055390110232265;-4560;56335.932
0.00178451548854746;0.0553672949718264;-4493;56262.73
0.00164750658346777;0.0532848443067431;-4998;56562.853
0.00173492355119783;0.054086193637575;-4825;56473.948
0.00162748672413921;0.0528050820477039;-5062;56610.5
0.00184953298250039;0.0566840460110121;-4225;55898.185
0.0016565666125296;0.0536311762754095;-5307;56557.398
0.00181481739929683;0.0558262422065104;-4507;56249.353
0.00167733712653205;0.0536472148654762;-4959;56527.437
0.00185677780049559;0.0566452160803964;-4343.1;56013.949
0.00162617239849876;0.0529427070545495;-5222;56618.952
0.00184653190606262;0.056457899210347;-4513;56179.602
0.00184395741334503;0.056414674768761;-4564;56211.559
0.0016360052595069;0.0530718657881677;-5126;56600.195
0.00180184614255396;0.0553064525708258;-4796;56318.587
0.00173414488170783;0.0540847848977221;-4743;56484.095
0.00185663552197582;0.0566418370626047;-4280.8;55966.505
0.00170034318850421;0.0533805145762808;-5211;56552.245
0.00173570908610759;0.0551974193832367;-4697;56364.913
0.00162748672413921;0.0528046905689667;-5112;56622.314
0.00185842957111482;0.0566058902307781;-4355;56015.491
0.00166925123179283;0.0536178582040505;-4905;56528.541
0.00173411686211915;0.053908632502867;-4492;56262.529
0.00180001019467022;0.0557152830899621;-4668;56304.361
0.00176503165791165;0.0551507589895974;-4671;56365.927
0.00179333504509787;0.0555592345484269;-4447.2;56220.828
0.00173492134236735;0.0540858206215078;-4760;56479.115
0.00178346966615857;0.0553906248016391;-4595;56344.677
0.00166259936068262;0.0533557851094912;-4961;56556.729
0.00167600225499275;0.0537623345392413;-5087;56524.836
0.00178438799126289;0.0554161999014488;-4530;56329.627
0.00176485511737778;0.0551471975936997;-4639;56359.787
0.00185643322973597;0.0566576235215096;-4545;56167.895
0.00175048425414573;0.0542367053917209;-4770;56456.714
0.00163009445642811;0.05298749988576;-5165;56612.953
0.00173681291754746;0.0541305677044681;-4771;56472.203
0.00180132696937462;0.0552520329403591;-4712;56317.356
0.00185381768817464;0.0566523292185322;-4341.4;56023.042
0.00166951038012314;0.0535919713576569;-5023;56538.834
0.00184385270325382;0.0564124608060666;-4511;56206.201
0.00185395104523465;0.0566818362970745;-4406.8;56078.134
0.0018591773987599;0.0566431335233282;-4344.1;56008.586
0.00184206852066507;0.0563238776644049;-4398.1;56115.424
0.0016412343862789;0.0528623137724413;-5394;56615.805
0.00166259936068262;0.0533558872952105;-4990;56556.989
0.00182663895764319;0.0559858124942844;-4549;56259.845
0.00164527221305736;0.053193680780579;-5340;56588.382
0.00172461570111719;0.0538687892477469;-4785;56498.452
0.00185347678259178;0.0566556739727218;-4406.8;56080.031
0.00175340329508968;0.0543101581490685;-4719;56446.786
0.00180977969863892;0.0558571451018117;-4299.9;56026.653
0.00164526997389561;0.0531924411928501;-5035;56589.063
0.00163305251106685;0.0532052823814805;-5179;56598.346
0.00162430994707781;0.0529174145131974;-5053;56615.68
0.00164722071769739;0.0530687692063405;-4897;56584.765
0.00180012214246195;0.0557200437599121;-4451.6;56238.024
0.00184638007249803;0.0564531669892403;-4518;56186.527
0.0017138942008111;0.0549125783261008;-4882;56409.025
0.00166334599514346;0.0533904576319345;-4981;56555.37
0.00170727524765601;0.0548571057363961;-4893;56421.328
0.00163493399918276;0.0527169088552289;-5102;56624.566
0.00181186919572869;0.056494465731289;-4343.4;56042.763
0.00178537898341418;0.0550189149370034;-4833;56362.952
0.00178438799126289;0.0554250459394095;-4248.2;56029.29
0.00180942278611378;0.0556918464658973;-4392.4;56179.004
0.00164034073240272;0.0528404333535077;-5067;56610.27
0.00185336943914959;0.0566769001507086;-4383.3;56073
0.00185118598822055;0.0566768232539406;-4322.4;56010.569
0.00183827604256932;0.0564408592650202;-4278.4;55991.07
0.00171133171236231;0.0549508240386598;-4954;56407.17
0.00165492330550521;0.0534791137801547;-5369;56562.976
0.00177957894144303;0.0550725745161759;-4613;56361.791
0.001732839662111;0.0539101558533203;-5027;56489.558
0.00166771442045518;0.0534663733228797;-4981;56542.815
0.00166648568651298;0.0536974236920439;-5078;56535.06
0.00178394241982249;0.0553496895417725;-4576;56346.343
0.00184944668394671;0.0566631405723271;-4502;56161.833
0.00165721789934962;0.0534874922920878;-5165;56556.989
0.00184663470009225;0.0566539828234099;-4550;56202.871
0.0017014305841261;0.0541714965496703;-4841;56472.935
0.00162872227662826;0.0529974566779722;-5208;56612.693
0.0016819449648835;0.0541182547001381;-4800;56482.764
0.00178301615444082;0.0553929180561051;-4396.2;56202.288
0.00178438799126289;0.055416187877906;-4529;56329.327
0.00165478509506963;0.0534784644905969;-5174;56558.059
0.001633721178444;0.0527252456976751;-5365;56633.726
0.00164953126168083;0.0533624646206873;-5099;56581.509
0.00172631265424398;0.0537436427917208;-5120;56511.646
0.00170643631051679;0.05426519847295;-4938;56472.229
0.00179719813890517;0.056353475540114;-4701;56226.19
0.00186281524239601;0.0565668162531019;-4298.6;55959.653
0.00171866493621383;0.0550972105532959;-4812;56395.017
0.00164765617503169;0.053339018082284;-5321;56583.137
0.00177961682149765;0.0550706593002167;-4665;56357.412
0.00162786726027129;0.0529961143582255;-5038;56608.707
0.00163061424627529;0.0530532533278317;-5010;56604.534
0.00170150636566154;0.0533950269939154;-5253;56551.062
0.0018563188168264;0.0566556575010826;-4546;56171.602
0.00185379895470194;0.0566935897145613;-4241.7;55913.938
0.00172631265424398;0.0537438430096169;-5121;56513.579
0.00184711341073634;0.0564248361179827;-4513;56200.407
0.00162793815885213;0.0526565624658015;-5120;56641.614
0.00183669681780588;0.0563420653721701;-4567;56222.074
0.00185093070448631;0.0566631235516313;-4548;56189.536
0.00165885435776676;0.0537357981470618;-4973;56526.689
0.00178914939427586;0.0553795409536199;-4666;56325.157
0.0017286683975993;0.0539830456086201;-4478;56257.202
0.00185426952526151;0.0566889946428823;-4347.5;56031.535
0.00176777754631701;0.0551452372795427;-4781;56363.336
0.00185772781726926;0.0567954226047318;-4361.1;56018.115
0.00164844104987101;0.0531238554734797;-5410;56589.256
0.00182651032517996;0.0557504599688636;-4588;56277.745
0.00177422413915853;0.0558783720623941;-4653;56284.621
0.00181233700426581;0.0559269106072143;-4596;56284.543
0.0018077708653029;0.0553475634751022;-4769;56315.057
0.00175222855123118;0.0543043955053962;-4857;56451.802
0.00183354826029511;0.056267573982515;-4733;56232.098
0.00180957258999709;0.0556920470890345;-4372.2;56141.94
0.00176049702250194;0.0550495323654531;-4752;56382.908
0.00163230087477207;0.0530756524766366;-4989;56597.113
0.00171120887094691;0.0548413110193403;-4852;56414.613
0.00185175520099499;0.056668303635147;-4294.4;55973.317
0.00164206770184087;0.0529007441741997;-5212;56609.047
0.00168263194673281;0.0541227676312121;-4801;56481.58
0.00167886771316412;0.0538356134915166;-4921;56511.388
0.00175595213334971;0.0543105710699343;-4718;56437.726
0.00165056262740199;0.0534321391016002;-5294;56575.894
0.0018317113472095;0.0562187461480629;-4537;56211.685
0.00170768671719154;0.0533066478638127;-5060;56552.469
0.00182316728660999;0.0560386731764937;-4414.3;56143.313
0.00167044147558297;0.053727255623905;-4974;56528.087
0.00178994468370591;0.0553674012525926;-4764;56330.22
0.00171140828330153;0.05483671692815;-4849;56414.401
0.00172041494739984;0.055143216778047;-4806;56388.597
0.00182103819812319;0.0559934749989556;-4429.6;56165.104
0.00185133782820351;0.0566757722209475;-4324.2;56024.159
0.00179903611298967;0.0553799414012972;-4410.5;56198.625
0.00186174496027412;0.0565909765900807;-4492;56122.795
0.0017523535731138;0.0542830069750417;-4769;56451.996
0.00184950059689981;0.0566169426351667;-4380;56087.511
0.00185878153118672;0.0568003496860918;-4233;55873.349
0.0018536358700089;0.0566814508246788;-4361.1;56053.039
0.0018629700890371;0.0565578119348101;-4428.1;56086.395
0.00184976300976497;0.0566066091478919;-4438.3;56126.695
0.00176041232923072;0.0545078419059332;-4840;56420.217
0.00175173420650349;0.0557677404336286;-4706;56304.553
0.00163188590428419;0.0527400358240769;-5135;56624.279
0.00185578865113331;0.0567637611350603;-4283;55962.784
0.00185757528993668;0.0567923431595327;-4382.3;56059.011
0.00185878153118672;0.0567993732988024;-4313.7;55945.713
0.00170535118811015;0.0542752253698881;-4961;56467.48
0.00185017373288017;0.0566233058741545;-4287.2;55984.32
0.0017604100313233;0.0545040646668528;-4794;56413.069
0.00184809046214335;0.0565106343468919;-4395.5;56100.94
0.00182535941417126;0.0557151333131798;-4692;56280.507
0.00172049845824345;0.0538992857577186;-4819;56494.159
0.0017604100313233;0.0545076667785664;-4826;56419.303
0.00162793944090197;0.0526575354813207;-5318;56639.136
0.00184819627992;0.0562519686791727;-4646;56229.956
0.00181163013786247;0.0557817013660863;-4630;56290.583
0.00169750477256363;0.0544532710425864;-5039;56458.15
0.00177753311253278;0.0551669855877137;-4754;56359.871
0.00185603824497339;0.0567818514650453;-4563;56178.084
0.00185344990458089;0.0566496001554956;-4359.9;56051.372
0.00185411942845364;0.0566897345817919;-4507;56168.904
0.0018580311503805;0.0567976572503725;-4419.8;56025.639
0.0018241223970622;0.0560390859328321;-4543;56264.345
0.00163213905082995;0.0527272510750784;-5133;56620.345
0.00185571334739524;0.0567131870047317;-4275.4;55956.428
0.00178022366677879;0.0553698735776741;-4626;56345.728
0.00185219141908107;0.0566697216560903;-4470;56135.941
0.00180942278611378;0.0556918464658973;-4426.9;56189.215
0.00168179661244872;0.0528979634633745;-5050;56598.651
0.00176705810545143;0.0551095665425638;-4785;56366.578
0.00185603824497339;0.0567818514650453;-4528;56164.952
0.00171310248399078;0.054776215054961;-4820;56427.523
0.00183842466720621;0.0564798986070648;-4366.1;56068.816
0.00163568018971381;0.0528025778389025;-5233;56614.849
0.00169582699238245;0.0544613985633178;-4990;56468.676
0.0016211705827878;0.0528462833696592;-5176;56627.254
0.00186500799650703;0.0566158465864483;-4401.2;56006.757
0.0018580311503805;0.0568005925917788;-4469;56117.365
0.00185105381766723;0.0567163820600803;-4538;56171.868
0.00185118821360215;0.0566731148244207;-4406.1;56109.768
0.00180117327219893;0.0552450295624095;-4777;56328.507
0.00176705595995335;0.0551118258779833;-4698;56357.627
0.00182920030980531;0.0562687179974546;-4552;56236.897
0.00181244344399463;0.0558894636458049;-4305.8;56045.245
0.00164816995423956;0.0529961343031675;-4975;56598.455
0.00181303639219318;0.0557583269920348;-4389.3;56161.115
0.0018589337861819;0.0567956402099562;-4313.6;55942.949
0.0018128554260064;0.0557520777416216;-4623;56292.904
0.00183186196370297;0.0562173295240396;-4561;56229.505
0.00165434953526067;0.0535323390679813;-5168;56552.755
0.00167314576197412;0.0537411279044217;-4911;56526.395
0.00178006812428718;0.0553782420507726;-4360.8;56126.219
0.00170477352308274;0.0542359055011903;-4935;56475.602
0.00165165626616828;0.0534636186350122;-5084;56565.363
0.00186485324941092;0.0566185564362259;-4412;56024.334
0.00172914863280798;0.0540011949973009;-4594;56368.088
0.0018580311503805;0.0568005925917788;-4464;56116.241
0.00181303639219318;0.0557635911654001;-4302.4;56051.376
0.00183156005155562;0.0559932586405766;-4650;56250.162
0.00164917834559058;0.0530156989101977;-5024;56594.56
0.00182914084624532;0.0561827638292049;-4572;56244.745
0.00183273329483444;0.0562526129747552;-4538;56226.306
0.00172914863280798;0.054006415182397;-4476;56254.177
0.00170439120238444;0.0542145419825971;-4958;56480.529
0.00186485324941092;0.0566151273767345;-4513;56139.391
0.00185516856503654;0.0564400243188708;-4493;56142.872
0.00184083609476677;0.0563349277555304;-4341.3;56040.917
0.00183533120750506;0.056257673957489;-4354.3;56081.719
0.00180661789423367;0.0557743564115372;-4559;56296.764
0.00186500799650703;0.0566171844914666;-4480;56084.725
0.00185410823060022;0.0566920454661265;-4525;56182.32
0.00166500620062147;0.053739232545309;-5072;56546.682
0.00184068464020973;0.0563328745499214;-4659;56219.2
0.00163492808838062;0.052775077305417;-5225;56623.043
0.00170462773029687;0.0542407760263002;-4819;56462.911
0.00179689914565073;0.0551570907225767;-4671;56337.706
0.0018580311503805;0.0568005925917788;-4462;56114.57
0.00165446759675537;0.0532358922461884;-5042;56582.704
0.00165167386479053;0.0534647386239697;-5307;56566.18
0.00184850981129064;0.056516308832177;-4381.9;56089.541
0.00186500799650703;0.0566119487872491;-4449.8;56049.926
0.0017286683975993;0.0539768839054658;-4607;56379.464
0.00185502014966455;0.0566563915059539;-4505;56166.19
0.00165032721812961;0.0534519910493993;-5087;56568.647
0.0018589337861819;0.0567966554126573;-4254.1;55910.853
0.00166477015799451;0.0538728846596939;-4991;56522.638
0.00166538442026681;0.0537375798174713;-5229;56544.012
0.00177403135533687;0.0550875831205169;-4698;56365.27
0.00179689914565073;0.0551571674087481;-4639;56329.423
0.00167799471567715;0.0539879589059633;-5209;56511.984
0.00186500799650703;0.0566158465864483;-4401.1;56002.512
0.0017579786436886;0.0544315618265734;-4499;56285.584
0.00180886756949686;0.0557700598726175;-4730;56293.452
0.00166500901670115;0.053740293214246;-5269;56547.941
0.00184835731988265;0.0565246005333671;-4279.4;55978.895
0.00162793815885213;0.0526538257963683;-5243;56642.014
0.00173013703122971;0.0540161758228028;-4599;56376.67
0.00185076962879941;0.056663747337237;-4414.4;56116.874
0.00165165626616828;0.0534583074788984;-5228;56572.518
0.00165728484068682;0.0533999135083933;-5102;56564.995
0.00178762595074908;0.055409969984981;-4757;56332.47
0.00177460045713708;0.0550928577319856;-4792;56362.866
0.00186500799650703;0.0566156026828278;-4397;56022.489
0.00166508411845424;0.0538928845567111;-4990;56522.388
0.00174252515835323;0.0542948426074872;-4832;56454.249
0.00171982828824996;0.0543293811883538;-4738;56440.837
0.00183273329483444;0.0562497311168054;-4564;56238.298
0.00175126456246823;0.0542755501341415;-4799;56455.624
0.00183076163719237;0.0559898438373667;-4652;56253.143
0.00184865051819279;0.0565514926196803;-4514;56181.335
0.00165165626616828;0.053460541184628;-5064;56560.845
0.00184230578155846;0.0564611814206359;-4550;56210.673
0.00186500799650703;0.0566133650806413;-4551;56163.416
0.00184891326501733;0.056446693292118;-4663;56193.382
0.00185502014966455;0.0566579941541504;-4493;56141.61
0.00185858149888428;0.0564734814595062;-4526;56184.637
0.00182942242700759;0.0561816730246578;-4586;56246.099
0.00169331965674053;0.0541149752939392;-4892;56486.467
0.00184794026241846;0.0565151366866147;-4310.7;56016.469
0.00163441752351134;0.0529733496716277;-5213;56607.879
0.0018442031753735;0.0563523536283292;-4420.2;56127.396
0.00162793815885213;0.0526562305669948;-5111;56641.788
0.00185553437120433;0.0563896305448259;-4630;56197.27
0.00175778261774022;0.0544403700798425;-4711;56431.41
0.0018580311503805;0.0568020618601231;-4372.7;56011.956
0.00185454610883807;0.0565305549851064;-4559;56180.261
0.00185674758977576;0.0566645983830737;-4511;56156.496
0.00177270084511255;0.0550566512363689;-4866;56383.446
0.0018589337861819;0.0567863383515674;-4561;56155.449
0.00169557299838279;0.0542082387735224;-4916;56487.15
0.00182926317463312;0.0561951570017465;-4262.2;55957.896
0.00162022502358554;0.0527879011180166;-5339;56632.89
0.00165055346867212;0.0532650299737344;-5091;56584.194
0.00165528308996949;0.0533681299618343;-5051;56563.551
0.00163030131225919;0.0529470905202873;-5161;56615.65
0.00168001464068675;0.0539806765249376;-5028;56514.029
0.00166463765260148;0.0531611887363873;-5000;56569.237
0.00167464937706645;0.0538606111917264;-5066;56526.208
0.00163365424258912;0.0530438670814521;-5245;56612.415
0.00163828683131468;0.0533198654250881;-5175;56586.782
0.0018259948938116;0.056144355616993;-4597;56253.623
0.00176095324822607;0.0544881024374974;-4741;56429.281
0.0016673321705193;0.0532346532771073;-4898;56535.143
0.0018589337861819;0.0567863383515674;-4531;56151.847
0.00162215545362829;0.0527977765431488;-5341;56634.185
0.0017286683975993;0.0539771449606159;-4615;56383.589
0.00186500799650703;0.0566228388486798;-4316.9;55939.323
0.0018578785479871;0.0568073563763491;-4247.8;55875.883
0.00165601805005217;0.0535373662471183;-5224;56559.109
0.00167464937706645;0.0538633762836995;-4979;56521.501
0.00162022806538747;0.0527865972401057;-5198;56631.416
0.00182504256394285;0.0560556498895548;-4563;56263.68
0.00179268538500792;0.0550489466478652;-4683;56355.343
0.00166522342252364;0.0537588947596394;-5269;56545.786
0.00185822195405517;0.0564809396561261;-4665;56173.177
0.00175337485950839;0.0543301879356095;-4726;56436.292
0.0018578785479871;0.0568025401609207;-4355.7;56012.349
0.00173111267932265;0.05404346360753;-4441.2;56252.484
0.00162793944090197;0.0526575354813207;-5345;56641.587
0.00183037155712368;0.0562059370427299;-4252.6;55948.745
0.00163561686312916;0.0530494918377898;-5271;56604.478
0.00168743060369405;0.0542367095760851;-5030;56483.703
0.00164034951072088;0.0529834827105307;-5268;56608.17
0.00173111267932265;0.0540418448644071;-4484;56277.952
0.00185837614136721;0.0564803164531598;-4669;56182.728
0.00169321082197578;0.0541172807910183;-4905;56484.639
0.00182976708031527;0.0561563774578635;-4538;56236.938
0.00171641208361954;0.0537360411278571;-5015;56510.256
0.00186485324941092;0.0566237484743813;-4286.8;55911.998
0.00186500799650703;0.0566191647024443;-4405.2;56008.6
0.00169222243738507;0.0541441882016182;-5190;56493.183
0.00170086299207522;0.0544993906617842;-4915;56456.549
0.00175337485950839;0.054330525661265;-4704;56426.887
0.00164143454958614;0.0530900305196706;-5221;56603.868
0.001855050103899;0.0566565774759321;-4478;56136.025
0.00164650312778975;0.0531557110799852;-5101;56591.136
0.00165275061445849;0.0534739471288811;-5331;56571.839
0.00186488219833285;0.0566210987037224;-4407.6;55969.918
0.00184083609476677;0.0563291900928198;-4548;56210.938
0.00164320579551441;0.0531326155753596;-5152;56603.231
0.0017905923732415;0.0555554836009412;-4671;56326.998
0.00179303357417753;0.0555567479911189;-4780;56321.604
0.00186485324941092;0.0566161380539547;-4343.3;55979.915
0.00163964350496018;0.0528645817843869;-5495;56619.455
0.00163367206350974;0.0530428942317318;-5135;56604.981
0.00164596839622261;0.0532115935908096;-5444;56590.613
0.00163912756747339;0.0533497256883495;-5349;56586.182
0.00173747224523346;0.0541574562285393;-4834;56466.827
0.00176220014572892;0.054454186923573;-4817;56427.814
0.00185102595325749;0.0565927908725738;-4471;56147.948
0.00161970335650632;0.052790506755759;-5336;56632.811
0.00186500799650703;0.0566231197101755;-4268.2;55913.387
0.00186500799650703;0.0566176029303763;-4358.9;55993.346
0.00186485324941092;0.0566157196396915;-4464;56071.415
0.00185072506521879;0.0564890599713127;-4694;56189.999
0.00182508315938725;0.0560676211114963;-4435.2;56155.45
0.00172159666574807;0.0543581207841331;-4538;56339.983
0.00185780944287206;0.0567663645594497;-4540;56161.142
0.00180357816270358;0.0555908307712628;-4568;56303.821
0.00186500799650703;0.0566101734810645;-4633;56165.722
0.00164803698401418;0.0532280033080008;-5442;56586.212
0.00167920963496669;0.0538530410126001;-5181;56514.673
0.00180028246225826;0.0555284997692027;-4666;56312.139
0.00182225333642099;0.0560650751646336;-4440.8;56168.86
0.00185378604076209;0.0566725600807738;-4244.8;55935.079
0.00166404593980827;0.0538396217927337;-4962;56522.599
0.00171286927974462;0.0548348825927758;-4926;56410.843
0.00180407837875372;0.0555465241707057;-4339;56104.642
0.00166873890523981;0.0532624308994671;-5000;56552.083
0.00182816067104334;0.0561277138149837;-4332.5;56084.568
0.00164053675874184;0.053148480056315;-5082;56598.444
0.00186501036170079;0.0566160426016388;-4405.7;55985.438
0.00183051073572315;0.0561192925505664;-4580;56249.681
0.00186485324941092;0.0566237428470918;-4285.5;55910.289
0.00182023852191596;0.0558694803480227;-4436.1;56177.317
0.00180039472068824;0.0555297161622924;-4662;56308.93
0.00167668025666255;0.0538125455523049;-5099;56529.054
0.00182508315938725;0.0560644076763184;-4596;56266.476
0.00163964641935883;0.0528603954260374;-5290;56623.949
0.00168191045121056;0.0541577624752357;-5010;56491.138
0.00176640150415886;0.0546419271589613;-4781;56403.721
0.00172867058067033;0.053979138896868;-4769;56492.191
0.001855050103899;0.0566569117760773;-4474;56132.42
0.00164364363160562;0.0532234294384444;-4894;56578.651
0.00164597163174892;0.0532132864452013;-5110;56586.111
0.0018418022803938;0.0563525680399105;-4414.5;56120.547
0.00186500799650703;0.0566159170225564;-4532;56162.918
0.00184708676039808;0.056511327000242;-4484;56153.547
0.001619701295167;0.0527892767045553;-5198;56634.588
0.00184246200710091;0.0561400926775935;-4601;56236.953
0.00164361547681248;0.0531175490283533;-5464;56600.031
0.00173001393800598;0.0552415550493054;-4792;56374.625
0.00172485061331172;0.054709025412861;-4861;56413.346
0.00168671090978143;0.053015228537948;-5176;56594.443
0.0018009179562544;0.055377370542152;-4594;56329.151
0.0018540569957051;0.0563769909513839;-4625;56199.895
0.00171291630420528;0.0547143046098846;-4753;56431.632
0.0018578785479871;0.0568022829546416;-4374;56022.69
0.00185904649217994;0.0565214710881002;-4729;56177.962
0.0018224439053149;0.0560733707986785;-4330.5;56069.622
0.001855050103899;0.0566572661833117;-4467;56117.194
0.00184068464020973;0.0563298022423954;-4548;56210.938
0.00177587619073269;0.0549319916936078;-4741;56392.661
0.00176703424006355;0.0546143380084874;-4954;56399.663
0.00173747224523346;0.0541574562285393;-4833;56461.092
0.00164803698401418;0.0532278605370492;-5455;56587.45
0.00162793944090197;0.0526574612282639;-5332;56643.74
0.00164615440677243;0.0531687887408878;-5465;56591.714
0.00174006649844895;0.0554876035326297;-4771;56355.746
0.00165463741020577;0.0532644149316168;-5438;56582.889
0.00166561587625162;0.053619830807126;-5222;56554.998
0.00167896419523277;0.0531318959741766;-5025;56552.614
0.00181996348976456;0.0560051130532527;-4609;56267.463
0.0016894739147866;0.0530795097684564;-5313;56579.375
0.00171291630420528;0.0547144321451189;-4719;56423.995
0.0016689998845475;0.0538511415102275;-5075;56529.814
0.00184880022652484;0.0563598028142687;-4503;56180.932
0.00185378604076209;0.056665222327058;-4358.1;56033.547
0.00166774161681035;0.0537966862678433;-5195;56539.583
0.00168172221047109;0.0535450992593998;-4831;56515.08
0.00165463741020577;0.0532642899102869;-5436;56583.1
0.00186485324941092;0.0566147255554731;-4477;56079.487
0.0017953900464443;0.0554181937501321;-4660;56324.177
0.00186500799650703;0.0566197510682457;-4277.1;55922.159
0.00186485324941092;0.0566237428470918;-4287.6;55912.065
0.00184758991167161;0.0565074510192226;-4501;56173.746
0.00181701926644052;0.0559230442804125;-4511;56277.089
0.00170260833831042;0.0543191917855838;-4892;56459.159
0.00179296641128702;0.055554767695696;-4727;56319.953
0.00165770536265848;0.0537275021973569;-4997;56536.455
0.0016399765400772;0.0529054254962959;-5203;56612.748
0.0018457520339191;0.0562995615449413;-4484;56163.308
0.00186485324941092;0.0566244299752896;-4253.3;55888.986
0.00167879259005582;0.0539276078277642;-5024;56510.854
0.0016399765400772;0.0529054254962959;-5136;56610.382
0.00186298138538925;0.0565768387711753;-4274.3;55925.738
0.00181821814941299;0.0559960436557216;-4611;56271.157
0.00165542367151135;0.0533653073263255;-5085;56579.548
0.00179044925555385;0.0555140590732857;-4773;56333.246
0.00166561587625162;0.0536223422150638;-5111;56548.883
0.00181807717369375;0.05601180792062;-4541;56267.267
0.00162793815885213;0.0526566367187836;-5119;56638.032
0.0018442031753735;0.056353177743392;-4562;56207.782
0.00164009990309643;0.0529060876424526;-5345;56616.521
0.00171199660455674;0.0546899839025215;-4869;56432.379
0.00183051073572315;0.0561221608039253;-4661;56240.501
0.00167879022223364;0.053927273148597;-4913;56513.456
0.00164149154184412;0.0529355308456527;-5292;56614.631
0.00180867436166856;0.0554763609441112;-4592;56312.861
0.00165079768761553;0.0531985507847679;-5136;56583.264
0.00183533677332145;0.0560616329697246;-4527;56214.492
0.00163382092678171;0.0532465152961371;-5179;56593.547
0.0016720710898509;0.0537350336769063;-5035;56529.22
0.00163295671879578;0.0527361160291612;-5243;56625.92
0.00169610277815749;0.0541240630359391;-4822;56476.018
0.00166185789739915;0.0534411115370904;-5091;56558.676
0.00186482493145186;0.0566055560897257;-4581;56165.311
0.00166214584366968;0.0534438909523287;-5110;56566.051
0.00169201280930577;0.0541813531040083;-4777;56478.448
0.0018442031753735;0.0563531771742917;-4419.7;56127.165
0.00175747214790253;0.0547557517066919;-4953;56405.104
0.00167504027541701;0.0535664043409578;-5048;56532.894
0.00168430614886682;0.0539757322083157;-5025;56509.17
0.00183039060266027;0.0561237872999024;-4605;56250.631
0.00165036955984702;0.0531086936471309;-5309;56587.933
0.00163717964869787;0.0528324561802906;-5323;56631.26
0.00167056320027567;0.0532898521830475;-5015;56541.6
0.00163121197136112;0.0527428159286871;-5303;56629.483
0.00165594697283318;0.0534021077132033;-4884;56556.258
0.00185690646528882;0.0564141002736154;-4680;56200.7
0.00161844726224542;0.0527673292144185;-5363;56634.831
0.00178194555967599;0.0550333240492804;-4777;56372.055
0.00185765686914906;0.0567725780079753;-4312.1;55997.41
0.00164577802963128;0.0529331903115824;-5099;56606.198
0.00186313622373926;0.0565762120383883;-4274.1;55925.738
0.00184236916128375;0.056427820002104;-4375.7;56068.754
0.00172682116521783;0.0547164387420727;-4900;56413.932
0.00184880022652484;0.0563595569163393;-4511;56188.752
0.00168593089861374;0.0530138816867721;-5268;56596.359
0.0016215178475839;0.052829407456922;-5188;56627.247
0.00166540507920682;0.053528266246949;-5034;56556.855
0.00181696444211608;0.0558651917558947;-4511;56278.986
0.00162154834105193;0.052833868638952;-5195;56621.757
0.00171369027057931;0.054731850233959;-4875;56423.946
0.00185809734507237;0.056653866655152;-4356.1;56043.266
0.00186294945483816;0.0565609037666303;-4745;56168.223
0.00176109382003304;0.0558011832607722;-4697;56303.804
0.00184408936893494;0.0563511328256589;-4424;56131.321
0.00166864112055192;0.0535017331864282;-5047;56546.475
0.00183280084618023;0.0559973291514308;-4574;56241.397
0.00167296130377757;0.0538662033661894;-5065;56524.865
0.00165793701109677;0.0534538038019294;-5260;56558.403
0.00183533677332145;0.0560616329697246;-4522;56213.256
0.00164631258562143;0.0530100511036106;-5125;56603.147
0.00182930067490835;0.0560932300165498;-4671;56256.089
0.00182548441071101;0.0557781232902465;-4656;56278.149
0.00183159345375789;0.0561538834958496;-4599;56239.94
0.00162245444826833;0.0528661383540409;-5184;56619.369
0.00167296130377757;0.0538689669997818;-4941;56520.862
0.00167128917885816;0.0535539204336139;-5029;56531.837
0.00179994475676896;0.0557271878494889;-4768;56302.733
0.00171388055493518;0.0547335528772324;-4989;56423.597
0.00185381420221874;0.0567409053544758;-4313;56002.455
0.0017130797504574;0.0546895776981993;-4830;56433.828
0.00164938606582248;0.0531490988208813;-5349;56588.152
0.00168617601994488;0.0530077404368925;-5272;56600.659
0.00174007406015053;0.0554899619941838;-4709;56338.82
0.00183954312090241;0.0560339995402418;-4581;56245.435
0.0016536321868599;0.0532523684560182;-5383;56585.612
0.00183942718621447;0.056332995626321;-4587;56216.194
0.0018589337861819;0.0567999423559817;-4231.7;55872.404
0.00163635136105275;0.0527662663157629;-5309;56630.226
0.001826775290204;0.0562346329708477;-4664;56239.591
0.00165461412581236;0.05328512627266;-5143;56580.53
0.00185775152039629;0.0566857624416673;-4367.3;56033.896
0.00185830991664889;0.0566632860977755;-4412.9;56053.942
0.00171633868025511;0.054815213501941;-4834;56414.987
0.00186449270867676;0.0565926100507359;-4400.4;56028.609
0.00165542160181853;0.0536957234734348;-5221;56554.006
0.00164577802963128;0.0529332712321099;-5114;56606.146
0.00179107203754793;0.0555100438865407;-4727;56326.237
0.00186313622373926;0.056564632324193;-4464;56088.696
0.00185871385053511;0.0564789531170698;-4253;55903.918
0.00164631487035792;0.0530131303562271;-5397;56604.412
0.00183044544663274;0.0562758006476075;-4711;56231.401
0.00185795499349282;0.0566958870271271;-4296.2;55999.542
0.00164577802963128;0.0529360744477446;-4992;56601.706
0.00172751440242882;0.0539595285736827;-4672;56441.282
0.00179929756978999;0.0557819227452007;-4756;56297.25
0.00178502909072851;0.0554311721025728;-4795;56333.749
0.00174101446593817;0.0554670159189314;-4766;56358.423
0.00166436255253137;0.0535743806076719;-5047;56543.698
0.00168617601994488;0.0530129837566942;-5127;56591.895
0.00168617432451737;0.0530041012317156;-5171;56602.258
0.00182310317586056;0.0557754218718163;-4554;56269.692
0.00171633645623656;0.0548139521848222;-4835;56418.186
0.00182305161071549;0.0560307687474234;-4532;56260.569
0.00178171697293347;0.0550326811580246;-4845;56378.601
0.00168617432451737;0.0530075402743444;-4987;56524.824
0.00166702397967898;0.0536303584466037;-4910;56540.139
0.00178240336281781;0.0549549891638798;-4868;56367.907
0.00171328318496393;0.054685656682431;-4787;56445.736
0.00186366388982425;0.0566058766731123;-4375.4;56021.313
0.00177545203388242;0.0549239724417065;-4690;56393.96
0.00177587619073269;0.0549322302831475;-4741;56386.342
0.00165461412581236;0.0532881550147242;-5036;56568.295
0.00179125996327576;0.0555145256613922;-4727;56324.396
0.00165461412581236;0.0532851380644059;-5145;56580.35
0.00172751440242882;0.0539595403853783;-4674;56441.07
0.00163104305347764;0.0527358917620382;-5301;56633.249
0.00184889579247796;0.0565526778329654;-4319.5;56017.903
0.00162142615825609;0.0528350243085557;-5239;56626.008
0.00171612456248541;0.0547994091470596;-4710;56411.061
0.00177775489117278;0.0549233946502148;-4951;56384.459
0.00161970335650632;0.052790584203273;-5331;56631.293
0.0016661709065783;0.0536168759768877;-5220;56552.988
0.00170524594937398;0.0546933607930204;-4922;56437.325
0.00180851558559988;0.0554804375669178;-4426.5;56219.979
0.00184828820870595;0.0564395413130711;-4453;56138.859
0.00169486993122151;0.0543800007217334;-4886;56471.612
0.00180867436166856;0.055486826920582;-4306.9;56084.437
0.00186500799650703;0.0566218212031693;-4283.6;55953.536
0.0018578785479871;0.0568073563763491;-4248.8;55879.098
0.00169768915272542;0.0543364210487402;-5008;56467.974
0.00168716738581366;0.0539451446888592;-4996;56507.971
0.00184845412875554;0.0564484598052407;-4491;56151.534
0.00167329263472039;0.0536473446065654;-4966;56531.124
0.00173750743368706;0.0551651258695505;-4904;56364.765
0.00184731587235405;0.0564980884147994;-4511;56175.827
0.00169653298696744;0.0544199496196829;-4931;56477.401
0.00164631487035792;0.0530137714660371;-5231;56602.622
0.00161755390310764;0.0527379010577998;-5257;56642.02
0.00167424527191464;0.0538900400485764;-5094;56520.209
0.0018578785479871;0.0568028624679741;-4352.1;55998.96
0.00186259778530862;0.056562711121632;-4409.5;56070.598
0.00180247789421288;0.0553370511467251;-4447.3;56220.922
0.00161755390310764;0.0527381683798769;-5255;56640.613
0.00180867436166856;0.055479574918113;-4399;56189.074
0.00171328126991394;0.0546847366678089;-4769;56431.463
0.00167296341243534;0.0538698754877941;-5123;56535.087
0.00186500799650703;0.0566130307078604;-4503;56107.888
0.00165673857775019;0.0533422340481206;-5050;56567.008
0.00185630224921147;0.0566677709220262;-4296.2;56002.83
0.00168935879616512;0.0530852377515931;-5028;56590.644
0.00166733103192029;0.0536667972266872;-5016;56533.702
0.00170209183140094;0.0534690281025331;-5280;56546.334
0.00184648340209397;0.0564312650118681;-4223.8;55909.608
0.00161682813984155;0.0527207441959082;-5255;56643.789
0.00162793944090197;0.0526567976300937;-5332;56643.865
0.00168936038613252;0.0530854989411795;-5416;56582.419
0.00166963715106697;0.0534285339968141;-5350;56560.1
0.0016849517785869;0.0539440158199719;-4878;56510.382
0.00162415506044116;0.0529013466649671;-5375;56624.29
0.00186266219686926;0.0565685300276343;-4725;56173.82
0.00167242526588209;0.0538732513468617;-5169;56526.2
0.00161755140223723;0.0527373607652099;-5046;56615.954
0.00166525925055879;0.0536105699714549;-5003;56543.264
0.00168528479702011;0.0538987563258096;-4938;56514.257
0.00167242526588209;0.0538728265434082;-5120;56526.911
0.00169991078972173;0.0533983060910793;-5053;56569.964
0.00172717685025946;0.0540703792438424;-4868;56506.676
0.00171633868025511;0.0548154263101058;-4832;56413.561
0.00186485324941092;0.0566224500438586;-4285;55952.629
0.00169051917510052;0.0539848488144172;-4863;56492.846
0.00184870634028707;0.0565507203037028;-4527;56202.05
0.00171328318496393;0.0546858519815824;-4929;56437.028
0.00173812416879847;0.0551898125904354;-4956;56362.863
0.00176751869093769;0.0547285939754936;-5000;56399.208
0.0018342646059058;0.0562709055236885;-4602;56230.005
0.00169053771027585;0.0540808392822242;-5024;56489.667
0.00165283134859532;0.0531839806754539;-4924;56585.872
0.00171633645623656;0.0548137550340835;-4730;56423.594
0.00165283134859532;0.0531839806754539;-4894;56581.267
0.00165941265880458;0.0531515382929718;-5385;56583.739
0.00164577802963128;0.0529335212819921;-5100;56606.138
0.00180533078861398;0.0558748434910333;-4690;56288.656
0.00169064615730574;0.0530792877199687;-4966;56524.341
0.00182719778693403;0.0561471813072811;-4669;56246.606
0.0016661709065783;0.0536168759768877;-5215;56552.014
0.00171187232872405;0.0547398060330551;-4803;56424.105
0.00162793944090197;0.0526602219511991;-5283;56637.657
0.00185592951223032;0.0566766530386117;-4356.2;56030.928
0.00168329017357257;0.0539002175713268;-4703;56459.778
0.00185871385053511;0.0564788079365252;-4255.4;55914.466
0.00168750474322648;0.0541407271703848;-5019;56490.854
0.00177831958638605;0.054951290916618;-4951;56379.92
0.00167701686447958;0.053734241553953;-5151;56522.73
0.00186485324941092;0.0566151630286329;-4439.7;56066.209
0.00162413836566526;0.0529001140877892;-5204;56624.385
0.00180740139040628;0.0554656374830459;-4383;56151.562
0.00185899484068999;0.0564993788538565;-4418.5;56086.028
0.0018644265841222;0.0566162510934513;-4503;56110.037
0.00163583140595124;0.0528471200412763;-5249;56622.946
0.00181735495680603;0.0556773882531812;-4654;56289.571
0.00185735013114066;0.0566708124178258;-4370.5;56034.374
0.00165888121982558;0.0533945938180369;-5169;56576.661
0.00186471233674976;0.0566100560108315;-4612;56165.787
0.00185706442934461;0.0563626489066683;-4718;56196.252
0.00185508664143217;0.0563392791153794;-4672;56210.129
0.0018553493327251;0.0567577702445422;-4554;56176.224
0.0016661709065783;0.0536170018056338;-5216;56551.804
0.00186444823588803;0.0566005588786607;-4356.9;56046.558
0.00184560074151017;0.0564158913990612;-4537;56207.061
